"GID_1","member_community","trpar","trtax","trgov","trlaw","trgen","trrel","trnei","tracq","railway_contact","explorer_contact","district_ethnic_frac","loc_ln_export_area","distsea","mp_service"
"AGO5",0.40553874,1.79791285258299,1.59416518290539,1.57613009607818,2.33968604560371,0.138785204164429,2.2666051185142,1.56507760355598,1.19563428448731,NA,NA,NA,NA,NA,0.848025041306468
"BDI1",0.18851373,2.1990069413152,1.45828952813619,2.29689440849748,1.82531201793295,0.493147714721784,2.95042435214286,2.55547500976194,2.36315417493186,0.91277993,0.81823844,0.63991952,0,665.290473578674,1
"BDI10",0.46765333,2.56046999241988,1.99598807083869,2.37876859637645,2.00683430630325,0.38574550336086,2.9065199037866,2.51184612231149,1.97831060113305,0.92027134,0.73348373,0.79324335,0,570.203296362066,0.764954646187078
"BDI11",0.42534995,1.79667799727023,1.05655672238227,2.01123150655521,1.56936071401554,0.499858599979829,2.87743797232662,2.19624844976165,1.47231574667556,0.49353153,0.54223436,0.37406799,0.013720472,654.53809340289,0.842942902702607
"BDI12",0.50687033,2.21020799903316,1.5023773696748,2.28579486466202,1.95969014588944,0.56305057042602,2.97391072198095,2.44456251508966,2.20997917616252,0.94810909,1,0.62791663,0,675.539607785619,1
"BDI13",0.38873118,2.41909157437284,1.85255871581337,2.50932546703829,2.22495884093271,0.526490253665248,2.90237444626738,2.56290473592173,2.2556467574091,0.53902113,0.89879668,0.61579359,0,695.514408279871,0.942345129549448
"BDI14",0.64081997,1.81349212424003,1.11462770346205,2.30441545386934,1.36073409706552,0.661463582976756,2.85881149291925,2.46647036498892,2.09543397657325,1,0.67920619,0.79126054,0,548.549718229791,1
"BDI15",0.43795452,2.27722273233621,1.61463448751881,2.41484455235284,2.02393205294296,0.63762678267003,2.86323764681282,2.42662654149325,2.13502252095064,0.89030713,0.89331824,0.79296225,0,623.79634465892,1
"BDI16",0.36966875,2.27631104882818,1.11479191754149,1.99812469026498,1.83663652073658,0.607264927862067,2.93640299896572,2.62484762713131,2.18456953139379,0.98336333,0.91167289,0.76863211,0,552.829234962111,1
"BDI17",0.28332531,2.22954294781022,1.3743584304383,2.32923814393826,2.16339644144823,0.510632564628496,2.98387510426606,2.49322475847254,2.00777654018812,0.8645696,0.85405362,0.41858569,0,595.453739445115,1
"BDI2",0.24568291,1.5157269323267,1.15997967158659,1.68820673981675,1.56242417849925,0.545577187584708,2.96368948247376,2.12146546324352,1.98500104339614,1,0.80227464,0.75892121,0,574.967419128364,1
"BDI3",0.3597194,1.43770596660183,0.878501932555228,1.65046170675237,1.47627177586305,0.558977083178587,2.90958454599238,2.49611793210947,2.0317924356462,0.74263805,0.47109836,0.78375769,0.3568354,495.223663071202,1
"BDI4",0.35063133,1.58586430816835,0.970719181834328,1.93677167726188,1.52451281765398,0.411570530305071,2.88734203318609,2.20520446946279,1.53541702615188,0.44427374,0.46047011,0.81319767,0,766.52005288792,0.960041248651212
"BDI5",0.49324185,2.34284319230415,1.55874799245374,2.205154440099,2.00946032569479,0.640692224879207,2.96818267706482,2.57052437206787,2.03238176153216,0.71722353,0.8871243,0.42068207,0,560.026725042829,1
"BDI6",0.19325344,2.20492627661099,1.53734144306379,2.13561306598783,1.9748539742743,0.649683112855568,2.90438722753477,2.50912025245641,2.17931580863909,0.89751166,0.50467449,0.68295693,0,578.076958162672,1
"BDI7",0.29740137,2.46409725219015,1.64715345515571,2.57852210653363,1.86276527076442,0.603559800193673,2.74090611298557,2.50143490825266,2.31806666311782,0.74310952,0.60875666,0.52314067,0.35312888,366.807273661116,1
"BDI8",0.18574211,2.60356552629174,1.96319930147785,2.63500151929025,2.36772104559809,0.660676740663827,2.8986473263434,2.5398806320191,2.23241019708736,0.71451324,0.80915821,0.78514171,0,651.730109325231,1
"BDI9",0.48391718,2.29510596578494,1.69835470746129,2.26047616498375,2.1312716689598,0.60601289299981,2.97307188600084,2.55789037068562,2.21061176746437,0.93154168,0.78639615,0.7886529,0,593.090220249158,1
"BEN1",0.34278914,2.13358272652682,1.10135937802448,1.50071955729498,1.68571346065589,0.524864715242705,2.400155589799,2.11952159339884,1.60318328770987,0.69444221,0.42214301,0.60886443,0.63941789,147.728692887725,0.97180989509548
"BEN10",0.46828428,1.50390905941089,1.17282201106163,1.84356734403853,1.57741896557453,0.465281801240578,2.65053596607358,1.40470644930122,0.884971574823862,0.4647561,0.49087405,0.20534125,2.0898983,207.742785513114,0.965609000510472
"BEN11",0.48100582,1.94294316507854,1.62741172913605,2.17190537840154,2.07531408070487,0.41967201703356,2.65856482268955,1.56988611253339,0.884991536915907,0.9688791,0.94418484,0.12886496,1.9076408,174.955501477684,0.900180527065211
"BEN12",0.52739686,1.34418522468718,1.2908622462247,1.37064171648074,1.39927382072034,0.0954318186265564,2.1556351131962,0.815924857851425,0.795940912086762,0.740484,0.77258688,0.21197768,1.4210899,280.989183116775,1
"BEN2",0.3178423,2.54658143263276,1.55317717373988,1.8781007099765,2.16400505424715,0.611403499652027,2.63201948197162,1.96991523937643,1.50500233546647,0.27531621,0.27531621,0.26404783,0.77484494,484.362673628147,1
"BEN3",0.24053578,1.4545525382258,1.24611492299851,1.48574191657368,1.52791975026292,0.125903970293014,2.6324772018101,0.951042052606095,0.66343910375121,0.75008875,0.783934415,0.521912195,0.6134825585,332.013629822589,0.959525702735164
"BEN4",0.42096037,2.01204782622071,1.29743876749818,1.45900323898406,1.97744667303544,0.581889285608734,2.68871356871944,2.12429497759048,1.72805835795139,0.66084933,0.56174833,0.4009645,1.0613084,238.276159555349,0.901419817240003
"BEN5",0.61596107,1.76360737025216,1.50416107213626,1.53636158512619,1.75667407545142,0.223406766467726,2.43592727667661,1.50775038090284,1.32258757246237,0.82166463,0.82166463,0.19097237,1.5665263,245.610879969852,1
"BEN6",0.38989997,2.34518254736374,1.56255759812928,1.7899877372578,2.14031313583471,0.546284339331804,2.75195782800003,1.83022418732351,1.39405868847732,0.80542743,0.80542743,0.11445723,1.3656856,254.858642237236,1
"BEN7",0.31157893,1.95506842146356,1.35301441838771,2.36584671649457,1.90476970042086,0.10826294027133,2.48026908061436,1.06904171273506,0.653843464130823,0.60488033,0.58063835,0.37005666,0.66790414,301.429233001832,0.928932245352336
"BEN9",0.43343115,1.69787151836651,1.31703016244096,1.87216964057434,1.58442728892205,0.0691594921289555,2.47102930379691,0.950298636981342,0.574744854583057,0.54502755,0.51752096,0.14986047,2.2947032,145.855378544722,0.888522343544433
"BFA1",0.51000476,1.82543049687862,1.61894578069105,2.00424989160619,1.87864850418616,0.238670289949261,2.86684603931703,2.08979879026557,1.44863343340622,0.37572679,0.5200246,0.19145139,0.065660752,559.776233793342,0.95462600323652
"BFA10",0.4745014,1.948723835351,1.61622502840733,2.16606719338806,1.88032666970197,0.352377158911771,2.88960643474235,2.30077906444787,1.75565808033701,0.57917565,0.6746906,0.22449881,0.0068020676,410.683815435204,1
"BFA11",0.39587304,2.24309053013337,1.99663104211879,2.31149668336727,2.33509621701534,0.280020237600178,2.7210393231914,2.07221688895909,1.3864842702165,0.54879171,0.41251346,0.6456784,0.022473767,454.630320528116,1
"BFA12",0.39961547,2.49889655781621,2.10841964725953,2.46452291986091,2.39987852304814,0.591292439263724,2.92890205750174,2.56684929334064,1.6756761787866,0.63893467,0.63893467,0.3646282,0.20340937,379.693076801958,1
"BFA13",0.3055124,1.88725835631491,1.47502770668475,2.11096810357833,2.29049091706981,0.344867968683113,2.9278471100466,2.10027460349703,1.61326783503077,0.80873454,0.80873454,0.32021469,0.07297688,666.558227723052,1
"BFA2",0.28089628,1.61509189517288,1.53006786840814,1.93631511309849,2.04807405995087,0.14166926161279,2.89764797784114,2.25693781358922,1.39211327348843,0.97236437,0.97236437,0.45797545,0.072391413,674.523585310982,1
"BFA3",0.33401564,1.8839805598706,1.77515230583644,2.12201227733304,2.1285592973213,0.34450021004485,2.74495362906034,2.32435955654492,1.66306600726748,0.59623748,0.74590099,0.42100358,0.054035675,551.910723311234,1
"BFA4",0.52317452,2.48447037947135,2.08504151770134,2.40662361148112,2.19490754015717,0.541827078095839,2.97047090939445,2.52752156639754,1.56656848970629,0.62335765,0.62335765,0.67891741,0.10051458,276.31696746622,0.895229422051664
"BFA5",0.48200101,1.92251511141521,1.91829413018858,2.03747650079882,2.21102304520906,0.362174239767368,2.71099924879538,2.05838077963358,1.55509647677182,0.34877709,0.34877709,0.42672035,0.010268392,568.75671651573,0.944224140201138
"BFA6",0.26538068,2.06491196581164,1.95683362845257,2.27055542761912,2.14724197728209,0.517968353929047,2.8903032803002,2.22590786392244,1.392848629913,0.29413357,0.29413357,0.15965027,0.030207055,619.673928138134,0.886627254937165
"BFA7",0.3421548,1.49257651488569,1.31698634703715,1.22629226835229,1.63363636487671,0.126309555274736,2.5537654010816,1.54668972343594,1.02597235007624,0.43582061,0.51351565,0.52165794,0.0023804584,450.241234388537,1
"BFA8",0.34457973,1.85456910329827,1.82415819569788,2.32462362078827,2.0801204293512,0.405241862157865,2.76140350456843,2.40065416615031,1.8952897618717,0.90674573,0.90674573,0.16468376,0.03836792,283.032663233607,1
"BFA9",0.37039685,1.83625494200266,1.39607646145529,1.77247977453373,1.92625618143784,0.147530830010872,2.81902236305575,2.03816991419754,1.33265359809328,0.84596664,0.84596664,0.15647011,0.019629134,456.738781323314,1
"BWA1",0.174203344,1.76339685749079,1.86335292652237,1.68175494633102,2.05999102117696,0.164840636433966,1.6964355530664,1.22665142765907,0.99953360260891,0.978968954,0.224504342,0.844428776,0.00588620828,420.166372523791,0.985286493977553
"BWA10",0,1.38339920948617,1.07146638433033,1.8498023715415,2.45009881422925,0.183300395256917,1.81669960474308,1.69169960474308,1.04990118577075,1,0.44169959,0.82979834,0,522.535279407219,1
"BWA11",0.1763671,1.25764686582475,1.58025676304614,1.58902995082324,1.82033099307759,0.0268696502131681,1.94398938850859,1.38971793055237,0.877765920638583,1,0.29261509,0.84085852,0,448.646296998422,1
"BWA12",0.218347275,1.86364839199684,2.11944742405282,1.67966945260399,2.53926827421464,0.0647645383469842,1.98129645695712,1.47230329184493,1.15107079753712,1,0.254576325,0.83946797,0,431.623983492179,1
"BWA13",0.079229124,1.52275160599572,1.73602305475504,1.42692719486081,1.96038543897216,0,1.54041755888651,0.836456102783726,0.613222698072805,0,0,0.058159515,0.27997369,20.8281755675,1
"BWA14",0.189202245,1.57179904387751,1.99393607216258,1.53100825750692,2.23832349370722,0.0438566349849147,1.46063930924915,1.00674161668767,0.970152259752981,0.958809705,0.29043116,0.81073567,0.011522269,442.727757692386,1
"BWA15",0.093225432,1.52958067530873,1.77445086550577,1.50418051292634,2.11855575923646,0.154065195676714,1.69533083463402,1.08111761369517,1.09731732754722,0.671769093333333,0.242842206666667,0.703017076666667,0.0918932833333333,342.100078871237,1
"BWA3",0.16596958,1.88469729236386,1.58078152386844,1.53262075224362,2.12273042960611,0.041254752851711,1.4101711026616,0.935076045627376,0.842490494296578,1,0.16948669,0.85286456,0,409.332683990856,1
"BWA4",0.202051585,1.5635712764685,1.69240935874172,1.43015315869276,1.95683382138333,0.119458430618616,1.70831288342617,1.0520569300566,0.980423796568496,1,0.23892034,0.85712749,0,430.016674748275,1
"BWA5",0.19488535,1.82988764415106,1.95831014803829,1.63191524216238,2.31840640257483,0.14923379410936,1.71811206901101,1.43669984983937,1.16877927502362,1,0.130540035,0.8494882,0,399.359476949558,1
"BWA6",0.125,2,1.5,1.42857142857143,1.625,0,2.5,1.5,1,1,0.5,0.81771487,0,511.359688776625,1
"BWA7",0.249662705,1.65394405918836,1.67246591481396,1.32382983090506,2.03718231408864,0.121108274747967,1.65529322629711,0.906305101628671,0.96443425165622,1,0.33011423,0.83525446,0,451.212258700001,1
"BWA9",0.16158403,1.5234069218804,1.79879748385151,1.59933687599787,2.23702892365914,0.0273778866051999,1.62077648286942,1.31072592493459,1.12010111586966,1,0.37021533,0.83061969,0,494.237472499955,1
"CIV1",0.49830171,1.62962001034068,1.54412224304892,1.16023446353626,1.43101534374302,0.103032573753263,2.68436309420875,1.49870421817456,1.21799984620115,0.13096742,0.80680901,0.45114636,0.54468548,829.871946536728,1
"CIV10",0.56979746,2.31305108820582,1.90339269339454,1.69105418576248,1.87153576040514,0.106177583058882,2.91295451866787,2.16949549940958,1.49782689689763,0.099845648,0.53079164,0.45140544,0.4959673,557.670750982007,0.743193173376554
"CIV11",0.44047812,1.76978976920187,1.66961865992543,1.3947519122387,1.56821801137518,0.130653580148418,2.69428426670766,1.81587247870268,1.37264592744733,0.53157669,0.98711616,0.54174894,0.50724006,707.90541246765,1
"CIV12",0.534519315,2.08983155288062,1.35619485958049,1.47406135712509,1.77355789877882,0.130935521936352,2.92282357296875,1.79030721859828,1.32547834991783,0.06585229,0.62268974,0.310952245,0.246483601995,845.767325906196,1
"CIV13",0.48295471,1.67343847855948,1.49740383758117,1.45697538379372,1.4267746643193,0.0572337773811115,2.81405801753225,1.4919148074158,1.12797898078949,0.13147177,0.97506994,0.44933325,0.62180287,799.105063684567,1
"CIV14",0.70640731,1.57043137739043,1.44856695355284,1.45007310478348,1.35152616090492,0.198887156334402,2.51193057545877,1.72185052371508,1.46928228010015,0.40674403,1,0.38347867,0.43519598,732.009336664754,1
"CIV2",0.47686189,1.16722205836812,1.34549327845092,1.34124945802795,1.55442018922504,0.213446255310873,2.7210544130659,1.42178335227805,1.25978831761091,0.29100469,0.9065451,0.31985661,0.68499005,781.886820515347,1
"CIV3",0.487122195,1.51803669476789,1.40859919689553,1.09548268710183,1.19745735519951,0.130870289954262,2.70045787714584,1.45863554825765,1.02921746873035,0.21711723,0.98750767,0.60354197,0.780125855,756.165747156233,0.900389961929638
"CIV4",0.45542932,1.7786869251179,1.32325759691921,1.27151519383843,1.58760105947817,0.117828268720524,2.93391413436026,2.02151519383843,1.38217173127948,0,1,0.16557911,0.00053777691,1027.98396973903,1
"CIV5",0.37013595,1.15197422165501,1.2877218940129,0.975920108663706,1.18441424919198,0.0756275073429389,2.66336866234107,1.5257462634785,1.12154521267505,0.037605595,0.85635069,0.481353135,0.50331233,846.281034374752,0.943334387633013
"CIV6",0.43847159,1.71612974709615,1.42567059944914,1.16686805658706,1.39263872505756,0.0377523604209012,2.81506983058985,1.82807557618862,1.05136579892125,0.079958767,0.98112381,0.4615992,0.91363764,889.949882926597,0.782388140805286
"CIV7",0.60849008,1.34702738935889,1.34465003204242,1.08789059054745,1.23826330530842,0.0500228458048937,2.49256532022151,1.16453234347287,0.684033432581059,0.170381555,0.92664495,0.712014255,0.978937045,796.25318676803,1
"CIV8",0.539118125,1.08398213490424,1.33182484653216,1.04883387808799,1.58228454165298,0.0983527195267867,2.48743074185085,1.37216077821154,0.897242414374635,0.0884118825,0.905698715,0.410321975,0.461535755,884.624196493616,0.764196009583261
"CIV9",0.349315135,1.40461228532339,1.55093448686904,1.15149969181954,1.4180242596329,0.0907230003899446,2.56093614492164,1.71148777234616,1.28607891391741,0.321352135,0.99103892,0.450830205,0.759292095,807.078258533698,1
"CMR1",0.54853469,2.21053400838864,1.41387130552618,1.55192605415627,1.85556857041166,0.450530373067904,2.89351086452169,2.00885572360741,1.53380393133287,0,0,0.3987315,0.27991626,131.660498730802,1
"CMR10",0.65727657,1.57282108526461,1.04190445082812,1.46474408375186,1.55034267407444,0.104097401461391,2.73406226864961,0.994991551417534,1.18553008275429,0,0,0.51223511,0.27970392,127.22505161977,1
"CMR2",0.61308977,1.53617836601596,1.2465366368942,1.21664060680013,1.49954749346898,0.0704300145000572,2.73794740322962,1.09371056745255,1.31371788034293,0,0,0.39955701,0.27929889,82.557513133347,1
"CMR3",0.49006832,1.31078744463676,0.828391297655481,0.886497231916406,1.22804840873725,0.405556734625478,2.8472842767846,0.83139442037918,1.01179807228365,0,0,0.36292353,0.27976513,83.5761959335542,1
"CMR4",0.46830285,1.57165863972565,1.27822100244639,1.33536722847478,1.55968494208696,0.166036336168258,2.65286037391103,1.00515278313234,0.477381331424716,0,0,0.48763463,0.28000835,169.6524835035,0.983244100858463
"CMR5",0.47751683,0.821329520318814,0.758947013576516,0.902762442392197,0.915071088005098,0.206344233374641,2.54378507534921,1.10561904868396,1.13925103761423,0,0,0.428076865,0.280085605,171.767068274572,0.910433742073679
"CMR6",0.64966357,1.24813031167863,1.04264230508513,1.29859371626225,1.26229035381643,0.0978160139175774,1.45582889698512,1.21456678767707,1.17010406050245,0,0,0.35879308,0.27999395,96.9127022431856,1
"CMR7",0.43696189,1.84159516111895,1.53260128028615,1.67480644401825,1.76681437602477,0.267079123789951,2.8907444895116,1.94306322666891,1.37678150830791,0.088560022,0.29785663,0.29620367,0.50713742,390.140470365101,1
"CMR8",0.42749473,0.892220096265712,0.493046171470197,1.0537941892992,0.794302639977313,0.197853782664815,2.77032655602575,0.97933419634408,1.28979563962745,0,0,0.72262746,0.27959815,141.072183000399,1
"CMR9",0.52897048,0.926121287978601,0.854802762445216,1.00611272416709,1.26633566329186,0.0408701532531155,1.36751564271873,0.910109558742053,0.882778082993567,0,0,0.24470225,0.28019318,206.922886835151,1
"CPV12",0.19272503,1.5386340375943,1.59874339401134,1.28109471333206,2.07333667112771,0.0452743140413579,2.51554443288338,1.75499574682428,1.27463318431161,0,0.21313499,0.12137558,0.12725088,147.221933257433,1
"CPV16",0.18926033,1.45903848219757,1.4560204940765,1.39391101412319,1.93962871608122,0.179304670282578,2.51312514091524,1.51760676917655,1.29236577103694,0.22746484,0.34098935,0.33617508,0.304959,125.389356845358,1
"CPV19",0.35948515,1.62515405146012,1.44626378007748,1.30997163724437,1.71693439396804,0.0235741421713231,2.62171325596625,1.55377721692566,1.08440450479315,0.075698294,0.31183788,0.23551106,0.28969467,125.136486178381,1
"CPV6",0.29203811,1.74459824265593,1.66964049100067,1.76526532275036,2.1716418790902,0.140782736032311,2.52827069760348,1.72981249626716,1.41128319917673,0.24704173,0.060215529,0.12315591,0.41348085,144.586281438977,0.742688053830036
"CPV7",0.28508055,1.79900539817523,1.63869333444141,1.97745545496555,1.8810001799062,0.0326468196905876,2.57766160833677,1.50663715618216,1.13349588434182,0.55965459,0.26839495,0.2818245,0.21287549,279.743515456812,0.88884785443442
"DZA1",0.05406123,0.765892222229339,0.543446592873688,1.25219722837328,1.31229476846684,0.471460307206173,2.89187753783651,2.38446492658404,2.23133569685653,0,0,0.24396949,0.13289835,460.794675038015,1
"DZA10",0.07511837,0.418528209232931,0.107064127163184,0.486300482519536,1.27727726093363,0.0276462532327143,1.7073654767377,1.47819462248105,1.44509079698185,0.055292506,0,0.12699632,3.6744082,104.40373244552,1
"DZA11",0.10181706,0.787928182250622,0.4198752905766,0.803994953615875,1.23982310558708,0.176673437015114,2.16046956852756,1.81216944855141,1.64593569535674,0.056344364,0,0.17760926,1.6462107,325.735032497483,1
"DZA12",0.21132076,2.05567928730512,1.8,1.74716981132075,1.64150943396226,0.452830188679245,2.30566037735849,2.15283018867924,1.95849056603774,0,0,0.052202549,3.2356627,122.702089585011,1
"DZA13",0.16128288,1.44957059618544,0.995249140016299,0.828258260229913,1.68784735669713,0,1.63240366032897,1.02171551656534,0.85364588591955,0.064214595,0,0.37017971,0.082148984,450.978928208266,1
"DZA14",0.062286157,1.12431545796003,0.882196541348973,0.843955331365055,1.62368680302617,0.102596170325025,2.59674655243922,1.61084806485439,1.4931439685489,0,0,0.062083464,3.4507387,98.2530191112,1
"DZA16",0.1,1.66666666666667,1.7,1.9,1.8,0.6,1.9,1.8,1.8,0.1,0,0.75,0.32485309,386.66348573326,1
"DZA18",0.095216997,1.84845608316003,1.24397463640627,1.32226688614651,1.94532252782913,0.172347456384835,2.17530726758249,1.61660181814305,1.56417118755381,0,0,0.34000197,0.39954323,480.25504666175,1
"DZA19",0.1,1.22222222222222,1.3,1.3,1.3,0.2,1.7,1.1,1.1,0,0,0.23203126,0.53299725,466.385309631,1
"DZA20",0.2,1.5,1.1,0.8,2.1,0.111111111111111,2.5,1.4,1.4,0.2,0,0.42148438,0.031561662,411.3386970596,1
"DZA21",0.1,1.9,1.9,1.9,1.9,0.6,2.2,2,2,0.30000001,0,0.067187503,3.4878833,131.62488300834,1
"DZA23",0.089052998,1.63348092150043,1.75547350157841,1.42263249210796,1.79984362835864,0.744526498421593,2.53284100947044,2.39926151420566,2.39926151420566,0.32189402,0,0.52865171,0.080488399,385.906575217518,1
"DZA26",0.037718341,1.89944041288174,1.92157566069551,1.59372558685858,1.77622401965492,0.33909167928862,2.36090832071138,2.23241777478917,2.0053005666832,0.40530056,0,0.064216666,3.4105058,143.338470273819,1
"DZA27",0.012573772,1.5378946926574,1.63569584469285,1.43825508668478,1.80113047106253,0.389814212736118,2.24322454380928,2.03477546817782,1.8724113351969,0.03045059,0,0.07919506,3.6125069,101.64032900699,0.69549409290741
"DZA28",0.081227131,1.61674848035123,1.35102027527606,1.33127375819972,2.08047433452856,0.0712768523321002,1.95536528997165,1.44173855570801,1.04978084580321,0.07318484,0,0.049013987,3.4490924,106.394067495708,1
"DZA29",0,2.21070460704607,1.62872628726287,1.94647696476965,1.88956639566396,0.310975609756098,2.15548780487805,2.10365853658537,2.10365853658537,0,0,0.34007928,0.18858385,484.915984290259,1
"DZA30",0,1.5,0.9,0.9,1.5,0,2.5,1.1,1,0,0,0.065624997,3.6808572,98.2530191112,1
"DZA32",0.10184734,1.3593580434815,1.04859863450549,1.00833271318868,1.71558626873277,0.0692456192210319,2.32007575610973,1.30331839961809,1.27048479926078,0.26600432,0,0.075858064,3.4816372,127.843219933573,1
"DZA33",0.084298298,1.59028509470245,1.17637959191467,1.19879225454438,1.71004502276403,0.0786401440423128,2.60111240369716,1.688263074558,1.53187185669508,0.15983823,0,0.1069112,3.6200955,116.033351337078,1
"DZA34",0.16286233,1.43028816802972,1.10571475757827,1.17144272734808,1.58572136367404,0,1.33105842022665,1.09361315730475,0.949781051687598,0.057147577,0,0.19412367,3.6151984,104.610089514772,1
"DZA35",0.030565083,1.41083442409051,0.931975914630418,1.53260979038251,1.67653663165104,0.162201110699921,2.05029981166181,1.48506106916644,1.18604441349993,0.21708082,0.15282542,0.45648748,0.35817641,481.199443435803,1
"DZA36",0.043683901,1.11184472335655,0.850453255698925,1.01719385642767,1.72656902391558,0.128274270853748,2.06602896862612,1.58689942793578,1.5825840975454,0.46895769,0.0097529329,0.44470063,1.2110152,308.077130738759,1
"DZA38",0.0637820235,1.94398206970937,1.50188113199065,1.22683037089638,2.16499617695648,0.349456522198617,2.20595044572383,1.7927119000869,1.63433684457104,0.188099105,0,0.1955892695,2.2868314,224.114670168113,1
"DZA39",0.13431652,1.80368652647128,1.61591894161066,1.7472859050277,1.82216817507662,0.493750766534039,2.1983424084512,2.06025529176391,2.00377059839581,0,0,0.46861961,0.32485309,448.04499097,1
"DZA4",0.19322875,0.623104408526165,0.342112193131546,0.843733176895202,1.57630436840888,0.0908755208188003,1.74186326251486,1.23313783336399,1.25381267706852,0.1684026,0.015407468,0.38755801,3.1686394,164.291388331145,1
"DZA40",0,2.1,1.5,1.9,1.9,0.1,2.4,2.4,2,0,0,0.23151042,0.25475925,470.3999187869,1
"DZA41",0,2,2,1.33333333333333,1.875,1,3,3,3,0,0,0.086621091,3.4038098,98.2530191112,1
"DZA42",0.1,1.9,1.3,1.6,2.55555555555556,0,1.5,1,0.8,0,0,0.17777778,0.32485309,448.04499097,1
"DZA43",0,1.67601663388011,1.50453361424959,1.64088770705246,2.14476765125455,0.203716280089671,2.60291345631903,1.59459596975841,1.19679946836003,0,0,0.13611026,3.6753061,98.2530191112001,1
"DZA45",0.1,0.222222222222222,0.222222222222222,0.2,0.7,0.5,2.7,2.8,2.7,0,0,0.3359375,0.088268593,462.7172458988,1
"DZA47",0.052869495,1.81498974765786,1.4492939824078,1.66341347859456,1.70826884768625,0.246304753806956,2.2811239164166,1.97073921402748,1.64217282402951,0.047405917,0,0.25833955,3.5033381,103.526431888358,1
"DZA5",0,2.0191357269501,1.90852946833897,1.78852432892585,1.89739365642227,0.708529468338965,2.37985313918638,2.33411787335586,2.12558840501689,0,0,0.050703142,3.6104081,98.2530191112,1
"DZA7",0.056561086,1.80103507763082,1.89400479616307,1.75656108597285,2,0.560633484162896,2.31719457013575,2.20407239819004,2.14751131221719,0.043438915,0,0.053489268,3.2356627,103.085144200379,1
"DZA8",0.10270362,0.918354433295141,0.642279535519197,0.905265533004668,1.32416367778379,0.154318946787503,2.36816986585328,1.48918551942755,1.39283141955617,0,0,0.089064255,3.6892638,98.2530191112,1
"DZA9",0.30000001,1.1,0.5,0.9,1.8,0.2,2.4,1.4,0.9,0.1,0,0.10571289,3.4458466,109.37697374358,1
"EGY1",0.0358386265,0.606355272661113,0.816599922529884,0.886272256664495,1.54467681067062,0.364546425139311,2.49058098318547,2.08898133319411,1.8521978716456,0.142244755,0.96177429,0.415825695,0.506082875,425.005527669244,1
"EGY10",0.27328885,0.469508547718656,0.584079798193602,0.629831406020886,2.26320942803968,0.23291263888599,2.03016115299634,2.03579267382462,1.81355792265631,0.0069610635,0.96610159,0.27083334,0.24517886,526.618305755004,0.76108785029167
"EGY11",0.031975854,0.499534014286648,0.371914690987328,0.250245997540351,1.72307799459674,0.277041693761958,2.18239723708355,1.75037074072109,1.45965104302904,0.031445708,0.99310458,0.31214106,0.3167451,558.913382888013,1
"EGY12",0,0.534635287940244,1.12370059470241,0.7647963433565,1.32648701136747,0.290499293999243,2.41164714392125,1.94108532215612,1.28305134175172,0.12551719,0.69785196,0.64364344,0.71150798,325.316665729976,1
"EGY13",0.1,0.8,1.625,1.22222222222222,2.7,0,2.5,2.5,1.4,0.69999999,0.1,0.51788193,0,216.7391745139,1
"EGY14",0.0256302525,0.431239299647204,1.26651367686677,0.704105613950495,2.28967287520881,0.142822173052249,2.71593670276689,1.70078089124178,1.71346259165381,0.0140673265,0.98593268,0.24614282,0.063855624,531.826413497241,1
"EGY16",0,0.826049820425556,0.910750266237166,0.886594151107159,1.29279671107335,0.281231993716626,1.935566804976,2.03897252544706,1.98140350480008,0.082297705,0.9484126,0.49232781,1.0071311,426.581099829562,1
"EGY17",0.057512209,0.713575954030817,1.20793355753489,1,2.8,0.0424877916394855,3,3,2.3,0.46995115,0.084975585,0.68056101,0,299.63112632733,1
"EGY18",0.045337964,1.29869999753021,1.17400107142565,1.16358903015832,2.21870178472195,0.306481876172711,2.53327069530564,2.29163320286426,1.90852399736354,0.01500382,0.92498088,0.30281144,0.30981231,520.733002592283,1
"EGY2",0.19103931,0.61344102597857,0.6,0.8,0.8,0.304480341992857,1.1,1.10896068398571,1.09551965800714,0.13136239,0.2,0.49712002,0,463.191814982718,1
"EGY21",0,0,0.734193189306256,0.0637989828677805,2.83866799594291,0,2.92266400811417,1.78399601217126,2.02266400811417,0,1,0.33545917,1.4915731,543.860137145838,1
"EGY23",0.17732607,0.843167040840829,0.927267804192073,0.92694031982406,1.75071925235758,0.329579618906623,2.34205441983179,1.88816495762115,1.68461101066726,0.20064826,0.39994198,0.52371758,1.31217,269.987265740641,1
"EGY25",0.016243014,0.633453598085355,1.51402556286023,0.93696040988317,2.69854785770147,0.0788491015034943,2.69165705906812,2.50396184516512,1.54084561310866,0.17235191,0.57158643,0.55195779,0,678.335922226631,1
"EGY27",0.19827062,0.598944049720674,0.679870955210521,0.371732288216817,2.11010327020761,0.0812319546135523,2.28767930452444,2.23243704681503,1.79455120172541,0.042770922,0.62078881,0.48275107,0.247813,535.436517532469,0.922578701770136
"EGY3",0.16622044,1.68310069758913,1.26546982840159,1.13183349017477,2.49027562751776,0.199995343714249,2.33853184775289,1.90864778421051,1.8213663576742,0.13508262,0.72009546,0.81072766,1.4395118,346.62758719777,1
"EGY5",0.10336263,0.879741146339154,1.08215191163166,0.501022959522052,2.44675393275787,0.0302542278607608,2.47940496761437,2.25646831912362,2.11688304310152,0.054609101,0.77468199,0.58361685,1.0792317,379.230649212427,1
"EGY6",0.0035228892,0.784815629931421,1.06229171519332,0.953149577433164,0.838908254860384,0.0557357865638411,1.71803155235375,1.25220342685189,0.774235600586556,0,1,0.30044335,0.112426,545.969711607663,1
"EGY7",0.10933656,0.9,1.57199031275774,1.15466828120704,1.90933656241409,0.645331718792956,2.57334140603522,2.50933656241409,1.81867312482818,0.31867313,0.67334139,0.78828782,1.4214592,308.794507636476,1
"EGY8",0.17378414,1.00512775641446,1.1478979713785,0.377667500747333,2.6154357085125,0.134740518444646,2.60095956253159,2.26647755281638,2.13997639753533,0.18367007,0.51418245,0.5620209,1.0582973,270.175842289246,0.809927691992458
"EGY9",0,0.117149085323646,0.728928973241533,0.674226740792991,1.38783860113621,0.0384153622776506,2.03445238630467,1.7596277478665,1.19293181564577,0.049152076,0.86888307,0.34202358,0.84010464,453.177716909519,0.70746222158487
"ESH4",0.55555558,1.33333333333333,1,1.33333333333333,1.77777777777778,0.333333333333333,2,2,2.11111111111111,NA,NA,NA,NA,NA,1
"GHA1",0.16448693,1.19516489946743,1.06475166082252,1.07495804215096,1.38527360347735,0.091875938712944,2.08043138489205,1.22327708030398,0.99983212840334,0.36131495,0.19399948,0.54945141,0.00078021013,384.769630159584,0.883637452178272
"GHA10",0.1730586,1.24721705711706,1.02339976795864,1.25225291825179,1.39072768422122,0.0949471416831947,1.99690319952152,1.61290852362928,1.40562148227628,0.67353439,0.0038392085,0.43940309,0.46078807,187.295239178365,0.878751888501753
"GHA2",0.21446668,1.44678831375773,1.33797814268873,1.40296860764196,1.6719814242836,0.110770832668444,2.24431115405736,1.61830573390119,1.37640423224935,0.032807365,0.013279081,0.49273464,1.4296395,110.857027009151,0.928490364771562
"GHA3",0.40496483,1.67076571332676,1.48019570229891,1.4143343862567,1.96048729318614,0.0574704197473375,2.34358420659519,1.86099347459548,1.47487102533661,0.10282908,0.095327012,0.09225934,0.0037501696,378.435603711933,1
"GHA4",0.25623751,1.36711944657506,1.18767758767425,1.30210948911766,1.76882403502146,0.033087314983583,1.93394404837856,1.34638620957332,1.18498516420514,0.014963672,0.0042139632,0.19025236,1.6247733,82.5039595293526,0.972856921159252
"GHA5",0.24692163,1.59846061261967,1.30495276898137,1.30869945366239,1.64718830640188,0.116114512755932,2.16172989715189,1.35262334726665,1.00980727429058,0.69270825,0,0.084584571,0.98679322,192.011653342096,1
"GHA6",0.34240782,1.89916000238635,1.89575455160632,1.7320135898983,2.12461526230506,0.265808681051674,2.72815083288214,2.31099500491531,2.00905519148428,0.93086958,0.87132734,0.22241965,0.47288945,674.939070970033,0.878908279928565
"GHA7",0.30999842,1.4731332519975,1.48081607543762,1.53307049495878,1.62055307198743,0.199788301655977,2.6608218651964,2.21103448629763,1.84013328571749,0.94474995,0.93727273,0.12178751,0.45981798,709.171481655475,1
"GHA8",0.38845101,2.01311564527091,1.9157029205233,1.90602732010359,2.53072576126972,0.044130284991911,2.74249934310555,2.40423758337799,1.33281376427132,1,0.9829073,0.029329548,0.56801891,714.786973564356,0.865744485095031
"GHA9",0.50090015,1.51384143682139,1.0868524103624,1.40639328990864,1.50503120187749,0.128833231431806,1.79080577436551,1.41728750412377,1.36748254912813,0.23021217,0.1122101,0.31906393,0.0025425551,348.761888230417,0.887000121064889
"GIN1",0.72064644,1.75798485156261,1.31936374744419,1.84563703763068,1.40857806386089,0.213332835046478,2.96964722589988,2.39730924069123,2.14133812952272,0.27289039,0.24407566,0.38396534,0.51880056,321.445247917202,0.642730440502999
"GIN2",0.39934185,1.27206069987943,1.11825040640174,1.2862652410358,1.37546075349689,0.145342969802403,2.84958502369004,2.07545950408115,1.73506021212629,0.25892416,0.38318512,0.36940575,0.21868828,530.175537405058,1
"GIN3",0.65811574,1.93151502778747,1.46862648525699,1.82235619934143,1.81866257018902,0.253333922454457,2.90349423994137,2.26135035981162,1.56562711748324,0.93498003,0.015623223,0.61752886,0.15074711,54.9385611718175,0.791785639432162
"GIN5",0.77807838,1.88708621775076,1.49327790733355,2.04737642389354,1.43617255884299,0.348681251060231,2.92514019191818,2.54033780429981,2.27289396145822,0.79210371,0.23291887,0.28573507,0.97913289,382.621265095039,0.413866859853882
"GIN6",0.72366583,1.23902845571737,0.73977635703366,1.34461949074393,0.701559829791319,0.116722945729258,2.90114368372461,2.47462906185101,2.15815407214939,1,0.014783442,0.19312041,0.0059204078,95.5283716854824,0.887687734616318
"GIN7",0.735879,1.30213021482162,1.23901593257252,1.8462934952638,1.12286027996709,0.284008946195411,2.88027780396142,2.43977733718271,2.05726582394747,0.33399868,0.36452812,0.19776314,1.316274,380.432774382216,0.918588186425958
"GIN8",0.64065653,1.67441094451829,1.2380371618255,1.71675291896532,1.71840234818088,0.251171726930521,2.72470535932823,1.81094213534386,1.02825961604022,1,0.091877893,0.56760287,0.00063359231,269.244907546825,0.674143972403309
"KEN11",0.41400644,1.26955371167046,1.34302750008648,1.26483662572721,1.42920804623312,0.0585487136168902,1.87331301714141,1.5568907635102,1.4013203700562,0.0039447062,0.86198276,0.33382574,0.38181925,548.675840420318,1
"KEN14",0.57283211,1.39657566653248,1.3423310735929,1.40404267824531,1.80587105226409,0.118381982492345,2.00413856623219,1.71509994271036,1.58405143780064,0.81865346,0.36845803,0.50358987,5.0670111e-05,227.180831542737,0.983322546346455
"KEN22",0.66422343,1.60337410280029,1.52557242655367,1.33821669177337,1.79425462848114,0.0931765406877643,2.05701014594882,1.5983275121252,1.38512438028314,0.66032141,0.39797091,0.39477026,0.27578056,243.348220930556,0.988347318163411
"KEN27",0.58125114,1.71635585196164,1.40490511853311,1.30695703278081,1.95817769908274,0.134898100305876,2.13645660511774,1.81457595726468,1.70265042830598,0.6436733,0.022672502,0.38807249,1.0502006,97.1243231029937,1
"KEN29",0.58495319,1.2412359627614,1.60892110563499,0.996505234433524,1.73411577887282,0.096858049108599,2.61480214913421,1.86417472085657,1.51602055160365,0.99534541,0.1108766,0.25114456,0.0018749747,103.15478694453,1
"KEN30",0.54029465,1.32152993175229,1.54430719137787,0.974423269883326,1.64715324617219,0.0740358016398198,2.03916572278273,1.51549393858927,1.32626069968998,0.96910322,0.15599729,0.68742532,0.00010338765,176.836915019076,1
"KEN43",0.45354676,1.73166317070859,1.66026074077168,1.33055965723044,1.82922282400639,0.0786449528298345,2.41508942702885,2.01773559682334,1.66713360376732,0.57689983,0.073442966,0.518929,1.2150079,135.631464292772,1
"KEN7",0.59758073,1.94372606325405,1.53318360867164,1.50045103521705,1.84395295167268,0.0839790290176137,2.30151055962011,2.16456356711836,1.74719416832952,0.45628551,0.097420223,0.50971144,0.73214942,90.1265384316115,0.707127049140145
"LBR1",0.34219295,1.14719697204428,1.00460583450272,1.73077729288847,1.33667909733216,0.229909797572416,1.84207477857085,1.42914478894826,0.598939789165146,0.032925222,0.125,0.304418,0.0042964173,824.835336801983,0.732559233900641
"LBR10",0.60967231,1.61548441979504,1.3831907514004,1.70156935494247,1.78416961141586,0.159364323843847,1.88148117766333,1.13844208030619,0.781469354088318,0.060238451,0.97123092,0.30449936,0.071559183,790.950740262141,0.344117647058823
"LBR11",0.49166405,1.31514301078866,0.981328202252848,1.15902454113398,1.31518154611309,0.149145988765416,1.9760404667178,1.2835392602442,0.787743410249453,0.14802279,0.80792391,0.49830329,0.045977987,849.094727406188,1
"LBR12",0.66254097,1.55421522163165,1.22819834785016,1.81735671129558,1.64068242545907,0.232596890511061,2.03030052648345,1.25271004301511,0.870646173446298,0,0.35933566,0.34280133,0.0075835017,1029.22047400734,0.826182657408955
"LBR13",0.61333776,0.773467369671059,0.555604403912626,1.18361208452798,1.5800159348067,0,2.23244770096634,1.19812785388128,0.753036529680365,0,0.19187179,0.26682809,0,1166.57451178198,0
"LBR14",0.56014919,1.89230233457392,1.63966514459359,2.0947859526405,2.1931440392448,0.255920434357564,2.13433957882178,1.55108851589723,1.01510702367975,0.10732099,0.49742803,0.28485179,0,1095.24589811444,1
"LBR15",0.35774061,1.99829553815318,1.5141367873985,1.99998334240019,1.82729424281477,0.0934835887962564,1.71821539272473,1.60725705842707,1.48143714621176,0,0.084448621,0.26884055,0,1163.22546020858,0.127765604700316
"LBR2",0.43865818,1.91245960894327,1.14315771579598,1.30684549173194,1.3176195752704,0.144412350774884,2.11264250832508,1.35722948825447,1.17389482086665,0.11180968,0.86573762,0.64648312,0.049041208,851.99753694259,0.856890967780299
"LBR3",0.61255014,1.30263954268841,0.95114926815496,1.61481544977085,1.13718657547114,0.294164426661123,1.99689911451067,1.41826504524765,0.877374289876264,0,0.90698516,0.53094399,0,1004.12100473953,0.153034993175838
"LBR4",0.84385324,1.91853075554645,1.44079359742232,1.87439454328238,1.80770819012263,0.0997318972161144,2.65701722970378,2.34036062886228,2.03322497239582,0,0.95903087,0.45377469,0.06398268,928.051163927012,0
"LBR5",0.34240025,1.79115600447112,1.30926098922217,1.53078119783208,1.81645525675207,0.0989141425095701,1.77555091781036,1.44477942584742,1.2782920862499,0.021636162,0.87263477,0.46786505,0.0027723156,581.5667223262,0.399670296295913
"LBR6",0.77548343,2.22899794508846,1.7452947491664,2.25663120118708,2.08222996394292,0.265404205780287,1.99337768054939,1.23436725419927,0.873356528505009,0,0.98168969,0.27435139,0.094593845,930.418330047454,0.588517620351148
"LBR7",0.58696431,1.36835278858625,1.625,2.21044098573282,1.55071428571429,0.478214285714286,2.30917639429313,1.46708819714656,0.776264591439689,0,1,0.25872645,0.094593845,925.617732565635,1
"LBR8",0.57714945,2.21079031087729,1.26322303722658,1.68962266678336,1.51126784463256,0.268471340927943,2.02254700413596,1.3059476343649,0.94157178126481,0.025795661,0.82473838,0.37214428,0.066475406,870.892088376784,0.781000074824256
"LBR9",0.4398942,1.31487006352508,1.14405553441477,1.61763020427291,1.28606785127952,0.121095524969073,2.10402196633428,1.23485628137369,0.815655924441178,0.012203726,0.20422249,0.35416815,0.10509525,765.576020449979,0.755683855955185
"LSO10",0.309806376666667,1.88074877176306,1.65252165515055,1.69921956870625,2.02074535109534,0.063409215672281,1.81432706228017,1.33504728139774,1.05268114964543,0.208143673333333,0.626548093333333,0.319969856666667,0.1153338756,653.613112996754,0.960762404345316
"LSO2",0.24635078,1.94820731453586,1.43030314068166,1.1628170682018,1.77586763136825,0.0578998077704056,2.10926849469589,1.494245116632,1.29593350892728,0.12852283,0.81118023,0.64883655,0.06197625,902.277439750758,0.52500030313196
"LSO3",0.32700769,1.85935586889408,1.4762128321911,1.45430025678281,1.98644745627926,0.0320348337513156,1.87323097787873,1.26183125540013,1.01379737298372,0.1113269315,0.6882467,0.499285685,0.0455208825,933.488451857193,0.893975172984313
"LSO4",0.3404488,1.65978602927584,1.42802156017307,1.80894286218312,2.10740067693585,0.0544981015095411,1.79722862068922,1.36467892895362,1.09648525343935,0.14166778,0.64509362,0.5076614,0.30305213,696.815509698625,1
"LSO5",0.448857883333333,1.72867726296524,1.4434811740839,1.50874466321062,1.94827777547378,0.0545555367019365,1.97127710924374,1.44147747827183,1.14619203315703,0.0626760866666667,0.495782473333333,0.367925086666667,0.320019244,564.996269784282,0.863624845076949
"MAR1",0.47006148,0.665549762314688,0.843062241503224,0.663694066400345,0.930621569859093,0.208139807699242,1.79893060853696,1.41748907437042,0.86697909781622,NA,NA,NA,NA,NA,1
"MAR10",0.3264952,0.349025647041247,0.319836217390385,0.331667956597716,0.392085192100449,0.0953093900160725,2.25360535835758,1.37371656952053,1.64844084506343,NA,NA,NA,NA,NA,1
"MAR11",0.087720595,0.800261163368307,0.673796405952608,0.720918719524361,1.0553921218638,0.209192842727779,1.76086712047705,1.50479972909864,1.40507974453922,NA,NA,NA,NA,NA,1
"MAR12",0.16832578,1.21373201317266,1.19775398443738,1.218701098264,1.62031213068496,0.164807469354381,2.79356129933777,1.9536388870022,1.49454918187011,NA,NA,NA,NA,NA,1
"MAR13",0.035438027,1.18849077593548,1.27441797173257,1.18849077593548,1.20997257488475,0,2.59083567541318,1.89594702093903,1.60845767452852,NA,NA,NA,NA,NA,1
"MAR14",0.20017393,1.01134001231002,1.02516547032899,0.706201672595241,1.60241171429347,0.178096709173202,2.58821306795153,1.71012661453456,1.3497039566499,NA,NA,NA,NA,NA,1
"MAR15",0.1293813,0.767659769148706,0.894372544342504,1.08879200495229,1.09250922476048,0.156274304358168,2.15675008627255,1.15160746009357,1.0288636626631,NA,NA,NA,NA,NA,1
"MAR2",0.010943557,1.37169546235729,0.579407861215724,1.35530983522031,1.10328898059147,0.478248360806096,2.1958816709404,2.01438800825641,1.66147688424047,NA,NA,NA,NA,NA,1
"MAR3",0.10033645,0.695727178669766,0.798022997051672,0.66714177919152,0.875346984792864,0.276590004609201,2.44064956397664,1.57878047285703,1.03151999374606,NA,NA,NA,NA,NA,1
"MAR4",0.030288337,1.03897263285159,1.15822689544727,0.620369731440352,1.3740446502173,0.0155353206491176,2.66893198185864,0.967953757803545,0.956465601934674,NA,NA,NA,NA,NA,1
"MAR5",0.065685518,0.872729596990559,0.888848688047158,0.920813841860709,1.1400673070023,0.183572730269906,1.71974940365499,1.10012572351067,0.93976053859639,NA,NA,NA,NA,NA,1
"MAR6",0.5,0.9,1.375,0.8,1.5,0.3,2.2,2.2,2,NA,NA,NA,NA,NA,1
"MAR7",0,1.12405287763985,1.23193800805288,1.32808908045977,1.6,0,2.41752873563218,1.79123563218391,1.64561781609195,NA,NA,NA,NA,NA,1
"MAR8",0.12899743,0.988118276994673,0.974740571355684,1.14484614703397,1.35036296997181,0.0542419523113402,2.37924792094062,1.570394718336,1.34182218588769,NA,NA,NA,NA,NA,1
"MAR9",0.22542089,0.427542982388799,0.358839614489498,0.385839859759283,0.668055705638981,0.0926937074608282,2.21771903953044,1.34323461223966,1.63629440465829,NA,NA,NA,NA,NA,1
"MDG1",0.2024337775,NA,0.981727719263929,1.49568731137366,1.01200282407971,0.185760616346695,1.79143985555777,1.32214021334154,1.04922015404563,0.22734875,0.80393315,0.4016034675,0.00772875885,882.094670678983,0.668542560968488
"MDG2",0.362230765,NA,1.41735216645514,1.81275379058431,1.24321564763566,0.31318761989149,2.05923794181484,1.52445220157047,1.12375418865387,0.0783028695,0.95795688,0.52923404,0.0253204315,836.515862689792,0.857028970168147
"MDG3",0.15770115625,NA,0.907755824488394,1.74831821610909,1.24451061126902,0.0785833111979225,2.2088457163395,1.38209135431461,0.951780458910477,0.148839619,0.875674455,0.449142925,0.027401355525,807.810013799678,0.693353195218633
"MDG4",0.1510886338,NA,1.28491143652481,1.77190930171103,1.1501069578153,0.220128328775693,1.97951592863461,1.44936492800131,1.04521064337812,0.2484030912,0.930131722,0.527978558,0.01369271834,736.39261579083,0.335752610936427
"MDG5",0.102855871,NA,1.36191969234621,1.84817355953084,1.56107577291928,0.513001349416046,2.19439542885521,1.84111952007797,1.41954253153723,0.252878506666667,0.979595006666667,0.411833683333333,0.0233433948,798.683894391243,0.696112842582368
"MDG6",0.23796054475,NA,1.21954909479334,1.55974858340473,1.249056752553,0.339353301145655,2.43990144715123,1.56139869845086,1.40966153563182,0.19250895775,0.9376910325,0.5452420125,0.0416334475,829.198796189124,0.952109640073528
"MLI1",0.34431985,1.38200248926672,1.58588223187327,1.26814743391915,1.44736077190326,0.152379448598003,2.91786691985376,2.02434495611035,1.15850671512561,NA,NA,NA,NA,NA,1
"MLI3",0.61773306,1.45242628374691,1.332820197218,1.78750438353895,1.53531781062783,0.292947171323891,2.84868276695031,2.47860472990674,2.16713525076803,1,0.31356049,0.16105671,8.3200146e-05,493.702654236046,0.750039639033715
"MLI5",0.524533285,1.07594792510727,1.22592266314458,1.42980181253233,1.05621252475303,0.276491649050529,2.93026958541035,2.43526747984851,1.56986241576483,1,0.79536206,0.22719762,0,615.825620231465,0.958667363245197
"MLI6",0.42608288,1.92560406458091,1.93345214286212,2.14977905407319,1.76823459855539,0.399247478374741,2.96255448950408,2.55695098058351,1.46203428461788,NA,NA,NA,NA,NA,0.902872602868227
"MLI7",0.72100556,1.36579615034387,1.63784072463594,1.77460700739319,1.50634539477514,0.178621989297559,2.69628213649213,2.289965576353,1.6200339406916,NA,NA,NA,NA,NA,1
"MLI8",0.63659972,1.90538596326887,1.5284862883232,1.96500745004446,1.61602324413709,0.281889074214679,2.83340074460323,2.28813644615447,1.25384654021326,1,0.0046759844,0.19109704,0.014933573,51.8841978856876,0.684194011190429
"MOZ1",0.22873583,2.55514433547638,2.48017436212001,2.4670726853963,2.60941145421094,0.19201407944217,2.86684149134029,2.15994273562006,1.46171238510896,NA,NA,NA,NA,NA,0.871365664340927
"MOZ10",0.3537322,2.17245995463738,2.0691096098736,2.19931970084918,2.06816475950036,0.21368200600458,2.43317935689788,2.15473862064621,1.85848617709452,NA,NA,NA,NA,NA,0.872751254205344
"MOZ11",0.47509095,1.98786024520574,1.86921493335074,2.0376220729589,2.01175468560057,0.124283292102909,2.35483688899521,1.92827845933832,1.51396307178811,NA,NA,NA,NA,NA,0.80973937484715
"MOZ2",0.25405118,2.33496225768184,2.09284882590423,2.25707915848315,2.39565316759596,0.113796305427423,2.20597325660484,1.64969233984474,0.688185398186425,NA,NA,NA,NA,NA,1
"MOZ3",0.24038145,1.98016731149463,1.64991219109578,1.71153560574352,1.97525438464624,0.0486480615019296,2.09876138995905,1.57218854049092,0.916242872861662,NA,NA,NA,NA,NA,1
"MOZ4",0.28213844,1.60152791187929,1.34019480651103,1.81174378797862,1.81194991423901,0.0421340876687972,2.69753565942383,2.12294411134089,1.25753841853253,NA,NA,NA,NA,NA,1
"MOZ5",0.19512871,1.4218780720417,1.30785190705489,1.05597512096077,1.63272062314517,0.0064139768203365,2.09953965395166,1.19963030498028,0.493956384887501,NA,NA,NA,NA,NA,1
"MOZ7",0.32058135,2.30861629863677,2.12388793289582,2.04272556319731,2.22020378834254,0.18109672685549,2.57587114957183,1.81761510716746,1.58499418197101,NA,NA,NA,NA,NA,0.829312153220068
"MOZ8",0.33070335,2.49728471428069,2.23294384063192,2.18812470554054,2.20332175555055,0.187869031283853,2.79843846114907,2.40952604492847,1.4908816761161,NA,NA,NA,NA,NA,0.776146315826577
"MOZ9",0.28586258,1.60640905431568,1.37893464885171,1.49457233382002,1.85470462959949,0.107230684983112,2.2342020809143,1.32812963169167,0.856868377276472,NA,NA,NA,NA,NA,1
"MUS10",0.45549303,1.69466626234037,1.52384273027463,1.85694617234801,1.90570562568697,0.0442885191026425,2.37209042076992,1.05192479856759,1.05692169043098,1,0.0062507992,0.0011529588,0.0097709103,412.91312949489,1
"MUS12",0.34266835,2.10057426054122,2.35436936534857,1.68166220287914,2.47770700636943,0.0977096787132486,2.74413939584645,1.65347702957835,1.43403870358716,0.72455162,0.23906545,0.18166468,0.012266548,591.593215514533,1
"MUS2",0.3572982,1.8349890201032,2.15497761043443,1.71038463461284,2.60039843874784,0.0190279578833363,2.69709573455107,1.91322738706281,1.23145796552473,1,0.32349655,0.11518779,0.00024547565,499.202657224397,0.930590775940237
"MUS3",0.14052795,1.8390401777165,1.95693009245701,1.60012176030614,1.98066260987153,0.203383110876173,2.32562442183164,1.82367516849478,1.73534756178142,0.1252643,0.95769459,0.74265641,0.024749527,823.281407354451,1
"MUS4",0.14956026,1.85158589071856,2.24803517964072,1.23226983532934,2.33553985778443,0.096346369760479,2.60048652694611,1.816780501497,1.48453873502994,0.75166076,0.24031624,0.21991,0.0063436241,529.931556206833,1
"MUS5",0.22896679,1.66266928236932,1.73354077956109,1.56387913741224,2.01701663134913,0.094710947109471,2.33579335793358,1.83191881918819,1.45124766063631,0.41445264,0.60584253,0.4854894,0.0060724956,728.265269337507,1
"MUS6",0.17565757,1.7455814355473,1.79755017968271,1.54661642867847,2.01490192748578,0.178094869146006,2.51522449321495,1.88010973362372,1.21921966544961,0.34838331,0.69626403,0.50726569,0.0078293979,742.352614797316,1
"MUS7",0.2386671,1.6896802398935,1.82965074659301,1.20912815678549,2.16664296097225,0.116171744732711,2.6082518419079,1.88992431929331,1.36353885771907,1,0.095823526,0.05692482,0.0066261049,437.555729402494,0.959513521855832
"MUS8",0.15450034,1.73948806602721,1.87352383110079,1.42374897340772,2.11645797068898,0.0941055097033237,2.73168079411109,2.27545728306937,1.60634619674325,1,0.061454382,0.022055546,0.0029080089,427.812558963693,1
"MUS9",0.17961356,1.75274687777247,1.97112629490853,1.41026615119891,2.12326936558009,0.290001752541185,2.64333596214511,1.84919383105503,1.31361724500526,0.10637925,0.8840037,0.73161465,0.0087050227,826.654301518166,1
"MWI25",0.50061524,2.0613039693078,1.89342415931274,2.36127354011133,2.42819231746282,0.292521946402254,2.69115380787643,2.46063120787302,1.75342515087356,NA,NA,NA,NA,NA,1
"MWI26",0.33473623,2.09763907725974,1.76281960138537,2.46912367567668,2.40745023538213,0.188697780061598,2.75174123066317,2.40436113870737,1.75708585308144,NA,NA,NA,NA,NA,0.951173867144325
"MWI3",0.34229791,1.9185116305558,1.8137682942384,2.17450773294996,2.43685709828782,0.185908837603279,2.7189196788549,2.31054037177398,1.80129591844923,NA,NA,NA,NA,NA,0.951229703000387
"NAM10",0.2378093,1.94365608256056,1.53871365248134,1.40791197532701,2.18646383299762,0.430502326698753,2.81846240877769,2.43971134295803,1.67574567080404,NA,NA,NA,NA,NA,1
"NAM11",0.16017252,1.80316780088653,1.70895876382187,1.54374286269148,1.8091184488988,0.257487602600821,2.24469961982533,1.86274750788358,1.15974700654948,NA,NA,NA,NA,NA,0.929616978887563
"NAM12",0.25524291,1.82264259397466,1.69672086986824,1.68156590251314,2.37500066070209,0.195041733872669,2.12442932083093,1.58678095907183,1.16381982687104,NA,NA,NA,NA,NA,1
"NAM13",0.4472675,2.09159838186003,1.666336085466,1.65394718519823,2.49791045762388,0.105786311972903,2.3636380439954,1.68370026885095,1.07088455672324,NA,NA,NA,NA,NA,0.859654397277572
"NAM2",0.13085194,2.17902628534887,1.96169305287222,1.86507928131435,2.29571468563346,0.0698930656176224,2.73666150677587,1.62404480076737,0.710621319816038,NA,NA,NA,NA,NA,1
"NAM3",0.24488813,1.85694675380139,1.85236990684709,1.24999702026728,2.41781870869787,0.0247209123164852,2.49743678759542,1.66932579542584,0.835645818397618,NA,NA,NA,NA,NA,0.838035302538345
"NAM5",0.24266265,1.72350613018705,1.47380915545738,1.45405518330629,1.95325340787758,0.279258050621993,2.25875965744454,1.50866430728207,0.996908631608884,NA,NA,NA,NA,NA,1
"NAM6",0.151811,2.23253626596816,1.89205852477035,2.00079931984204,2.62625897889327,0.115862265512937,2.96744886601209,1.92978067001792,0.832776860859573,NA,NA,NA,NA,NA,0.718776324541755
"NAM7",0.17990953,2.32483094319762,1.98960682435918,1.77265185954895,2.15880353225901,0.210686752604289,2.42016124125505,2.20715016348181,1.3923502857463,NA,NA,NA,NA,NA,0.93651655312895
"NAM8",0.18948309,1.97425446022489,1.63044230994446,1.57562369765116,2.32659177557396,0.226202913954507,2.0272517605401,1.49245140847097,0.662108879611592,NA,NA,NA,NA,NA,0.808938967165359
"NAM9",0.19058664,2.10193986665435,1.77744067389262,1.57350203945967,2.27895035720163,0.520434048933958,2.80860228122445,2.36236519706734,1.39455425421185,NA,NA,NA,NA,NA,1
"NER1",0.14529555,1.60240477128596,1.89628737450456,1.86739626918563,2.25484994262395,0.450812203712921,2.88928280130781,2.45282355094792,1.69747269796781,NA,NA,NA,NA,NA,1
"NER2",0.2752102,2.53246184806588,2.50432378991935,2.43558352684181,2.89439238630621,0.715815901884803,2.9658159018848,2.890358330542,0.958405856925802,NA,NA,NA,NA,NA,1
"NER3",0.34840888,2.2784456788131,2.22688351785978,2.08957845557306,2.26830658725769,0.439907940428732,2.94167278725395,2.1698662126869,1.45773180241646,NA,NA,NA,NA,NA,0.959269796459255
"NER4",0.3853077,2.71204264053056,2.53690664883532,2.24448677002686,2.72247183426604,0.48649501571047,2.97505157181566,2.42699421082562,1.75999088381433,NA,NA,NA,NA,NA,0.821537516884674
"NER5",0.34213209,1.31584431380499,1.00306317446043,1.25156796122417,1.5975197520555,0.189997934850867,2.97148798818088,1.61316482528263,1.03346206963001,NA,NA,NA,NA,NA,1
"NER6",0.24761367,2.36285132505199,2.3915280039393,2.3906151601611,2.56394143787847,0.584890167498385,2.90102195622653,2.55952681598982,2.23539200537386,NA,NA,NA,NA,NA,0.941914414596892
"NER7",0.38482088,1.93823828028993,1.37892790071417,1.92585617149867,1.85730280938702,0.162037257910117,2.95249680840539,2.2215017576105,1.29590471359489,NA,NA,NA,NA,NA,0.897682249390129
"NER8",0.23417728,2.17396790614542,2.36020971034247,2.30226852632737,2.65377457554489,0.717283102168042,2.95554635057876,2.67719982700207,1.38387037534837,NA,NA,NA,NA,NA,0.957213260996233
"NGA10",0.53328273,0.839328087119672,0.719897223770688,0.756946903867052,1.12442307112753,0.248574581068845,1.38181735686123,0.907676266931955,0.57499642625182,NA,NA,NA,NA,NA,1
"NGA11",0.5193451,0.889100509029858,0.736200524973745,0.871123004865507,1.08995118248242,0.110148283796778,1.90746459314052,0.898106109499813,0.572949732313693,NA,NA,NA,NA,NA,1
"NGA12",0.35577422,0.960883397292441,0.970345137954059,0.778741571649566,1.6259915378292,0.250966060792005,1.52839869774395,1.25019121329511,0.921272922896457,NA,NA,NA,NA,NA,0.813069286428843
"NGA13",0.2929458,0.795168877511561,0.96683155241266,1.01004956365488,1.53833612352505,0.197071146684524,1.24920303963177,0.572547241616147,0.397131978754783,NA,NA,NA,NA,NA,1
"NGA14",0.60745668,1.1364108904106,1.03187687114788,1.01214046607736,1.42377423978196,0.0784516638998048,2.13764562469978,1.16066299132224,0.665098042542971,NA,NA,NA,NA,NA,1
"NGA15",0.2002545,0.973769820624402,0.787744624629811,1.02274824752821,1.00297304100194,0.108530925229275,0.718017784850387,0.536533586585165,0.521503402786261,NA,NA,NA,NA,NA,1
"NGA16",0.23799151,1.16165045941713,1.38482305414385,1.36866308132531,1.69651384781544,0.263527578116705,2.51451158388199,1.44049463313157,1.14566950850713,NA,NA,NA,NA,NA,1
"NGA17",0.7525444,0.521929832614432,0.358986451759112,0.376723602932258,0.703692866669698,0.102311456975295,1.3164015910048,0.776480758365849,0.569376908116524,NA,NA,NA,NA,NA,1
"NGA18",0.313106175,1.30469060428586,1.06265774310759,1.34600255457622,1.65721740490447,0.240678890992289,1.92995448310826,1.52676367639639,1.29160989136821,NA,NA,NA,NA,NA,1
"NGA19",0.274359012666667,0.873718197861764,0.843193983832448,0.58113528593953,1.00048983437525,0.0758927314552653,1.56563220481432,1.25291294885658,0.7188546560157,NA,NA,NA,NA,NA,1
"NGA2",0.591982875,1.36036299259846,1.03849795436396,0.81985673416414,1.30597032595028,0.323290731950289,1.72061135817507,1.02434636935764,0.559606291242055,NA,NA,NA,NA,NA,1
"NGA20",0.10415881,1.12515185104917,1.23870236743437,1.13615295951145,1.84129532720343,0.109606631255788,2.29747189847976,1.87347277728316,0.846142425301665,NA,NA,NA,NA,NA,1
"NGA21",0.110305893,1.1242567778349,0.822249532668592,1.00363721543278,1.54703108178784,0.176884017182828,2.27517282440704,1.63769215520874,1.30331471846858,NA,NA,NA,NA,NA,1
"NGA22",0.214975,1.73634948988454,1.17685207469829,1.39404533685008,1.61627985461668,0.138907006609074,2.46146986373209,2.02554407076601,1.51554633892091,NA,NA,NA,NA,NA,1
"NGA23",0.237986045,1.54704681150583,1.35071020722751,1.60566186484424,1.48339252785635,0.299917542204854,2.79662088370836,1.79156657592418,1.00491318170229,NA,NA,NA,NA,NA,1
"NGA24",0.41282073,1.30551009331011,1.39093318047976,1.16986282447525,1.66137710732032,0.283463215418285,2.35178996179788,1.60506482554255,0.915465052489528,NA,NA,NA,NA,NA,1
"NGA25",0.098995402,0.658254385689408,0.86108996750417,0.706993956536274,1.12603943852029,0.0103177265315025,1.77346928682924,0.921487720764455,0.690371653694154,NA,NA,NA,NA,NA,0.966148600551791
"NGA26",0.46769854,1.08234780865977,1.04818062254728,0.898617127011813,1.52536612291378,0.207407103924161,2.67980142604864,1.82281490659659,1.0099997835773,NA,NA,NA,NA,NA,1
"NGA27",0.1549734,0.698398132634242,0.926801723350789,0.836417915373431,0.903594764354982,0.182600462420417,0.941683497049799,0.696660541715424,0.505591142786027,NA,NA,NA,NA,NA,1
"NGA28",0.078263842,0.625057713024455,0.777665014576971,0.668281362513924,0.957261609290409,0.0172628578415974,1.70745874656412,0.73025046851585,0.625309701283224,NA,NA,NA,NA,NA,1
"NGA29",0.43872479,1.06134205871936,1.1433964359279,1.12420041154632,1.53980449815833,0.116627888074057,1.66446685239646,0.989953338207265,0.622185970399918,NA,NA,NA,NA,NA,1
"NGA3",0.58382702,1.40463263157814,1.26109841807153,1.38601294529299,1.44220472356313,0.0976930895265629,0.891974009457129,0.592072130951203,0.432022541566597,NA,NA,NA,NA,NA,0.818748054624712
"NGA30",0.48196188,0.983567719617716,1.2012323094911,1.03912411692678,1.45090391407283,0.234404891966881,2.37986757126037,1.53033101716278,0.897085539119739,NA,NA,NA,NA,NA,1
"NGA31",0.56891572,0.90776095129055,1.07301618133378,0.995965807194038,1.47777860644924,0.154032628856465,2.1362052415499,1.38706352028199,0.94259127273701,NA,NA,NA,NA,NA,1
"NGA32",0.27948636,1.06017123446204,0.829531161679101,0.935388560457172,1.17241991413084,0.0813202277975071,2.40537033357277,1.46927667405966,1.01881269231048,NA,NA,NA,NA,NA,1
"NGA33",0.72075313,0.887142168987009,0.741235881752132,1.03816855356436,0.987406235017726,0.148663555090066,1.45546137028707,1.02842034004559,0.837059903569609,NA,NA,NA,NA,NA,1
"NGA34",0.591205535,1.12236063607678,1.27833951135596,1.3116131078118,2.18453309021087,0.139287945654269,1.76187079081631,1.48823719934127,1.1242445773769,NA,NA,NA,NA,NA,1
"NGA35",0.295342355,1.2337549449381,0.982377205853936,0.812284196725696,1.39172411426703,0.357020185393521,1.78859436889558,1.29673838453506,0.718747085239469,NA,NA,NA,NA,NA,1
"NGA36",0.38907623,0.91731331677716,1.23586805734159,1.10879373563066,1.4453749672757,0.491805483901619,2.52542074728369,1.59856485424328,1.12088035885803,NA,NA,NA,NA,NA,1
"NGA37",0.19035999,1.43855266019544,1.44705715864397,1.48602318672209,1.64913925279941,0.153425055717797,2.2685637822303,1.50444251852876,1.08036051366283,NA,NA,NA,NA,NA,1
"NGA4",0.58569169,0.84680339481975,0.793537121679064,0.717585974275216,1.14086932387226,0.050845713575382,1.37633229872376,0.629717145756922,0.215990580559051,NA,NA,NA,NA,NA,1
"NGA5",0.56578201,1.60502935689618,1.30273489036282,1.60281824232517,1.8858755658389,0.279879043269517,2.40572712867764,1.57886791958795,1.27525791104582,NA,NA,NA,NA,NA,1
"NGA7",0.742940975,1.18546850666881,0.84487921278472,1.18512041644483,1.41006572579561,0.038579570806073,2.56129848284324,1.69190782312731,1.01306364944155,NA,NA,NA,NA,NA,1
"NGA8",0.349412815,0.722721994195199,1.01869282849215,0.726147373244592,0.953306290422705,0.0515528630171199,1.83964069323023,1.12800127481651,0.64588189448592,NA,NA,NA,NA,NA,1
"NGA9",0.21560661,0.80830163860149,0.695808954457513,0.999981531497646,1.28367378979166,0.108955887874221,0.884243829328061,0.490316328312559,0.456223681564906,NA,NA,NA,NA,NA,1
"SDN1",0.47508329,1.16066040912086,0.869250484935239,1.12439602348115,1.9838361190746,0.20529180457429,2.44636223393242,2.00602917249484,1.67600722550632,NA,NA,NA,NA,NA,1
"SDN10",0,0.897427554792529,1.19895445431109,0.842730838263644,1.91059629063352,0.928272286113142,2.83063218772851,2.72304061689823,2.2526823107093,NA,NA,NA,NA,NA,1
"SDN11",0.4741475,1.20172254399284,0.931766387715327,1.07190126037628,1.31943719177096,0.0920335005928649,2.07532576393728,1.64302726353373,1.21057480244947,NA,NA,NA,NA,NA,1
"SDN12",0.61693895,1.8196984378761,1.43430411466052,1.87752491790056,2.61189721726105,0.40638935299879,2.75350002880682,2.57985827043844,1.55845480209714,NA,NA,NA,NA,NA,1
"SDN13",0.26194686,1.40985931002849,0.824167217531734,0.961827397920174,1.89261816409041,0.109003904044396,2.3255610047268,2.15245938664559,2.08678755222869,NA,NA,NA,NA,NA,1
"SDN14",0.15499528,1.03521500465646,0.478313845076265,0.655879416845425,1.42315226205949,0.211988095262461,2.41713574884918,1.6539174923186,1.1922794377604,NA,NA,NA,NA,NA,1
"SDN15",0.46724758,1.10030725214214,0.803443735930773,0.941777186698582,1.6340880170662,0.143959735704055,1.97472951515484,1.98293980605855,0.98850256006164,NA,NA,NA,NA,NA,0.905463471909159
"SDN16",0.50625217,0.77072201731479,0.644517437016398,0.857237337469424,1.03167322706379,0.214752213816808,2.15762091756705,1.57741281491801,1.06521347221879,NA,NA,NA,NA,NA,1
"SDN18",0.32697305,1.046885851502,0.887169632166994,0.64740400292886,2.21974263942607,0.296410247073175,1.50572255703439,1.46807544874659,1.4549558472771,NA,NA,NA,NA,NA,1
"SDN2",0.15834795,0.429374470909944,0.517209140268865,0.5066403414535,1.04271546657213,0.278848102939232,2.05313532807474,1.90095624201296,1.43709513947032,NA,NA,NA,NA,NA,1
"SDN3",0,1.66165486277503,1.43779865609481,1.4667765171843,1.58117621854246,0.142755534727629,1.15669798414222,1.19496073347896,0.985511069455257,NA,NA,NA,NA,NA,1
"SDN6",0.11235955,2.03343788769607,1.71918420415344,1.67900457203235,2.55505620821721,0.18463415376499,2.83663608471301,2.40764150379535,2.0531314127468,NA,NA,NA,NA,NA,1
"SDN7",0.24437748,0.876926915244309,0.707930014657224,0.709745877363203,1.71440614230917,0.213410318804316,2.10629558334504,1.94106336939722,1.79796717803107,NA,NA,NA,NA,NA,1
"SDN8",0.56122875,1.04029832101156,0.81795151091356,1.07888286840628,1.54691335030511,0.385741805741571,2.42252700784018,1.83127138349862,1.2874363378661,NA,NA,NA,NA,NA,0.361737353442138
"SDN9",0.38698915,1.43963254593176,1.18241469816273,1.26417233560091,2.26433121019108,0.25,2.42619047619048,2.44523809523809,1.56234915526951,NA,NA,NA,NA,NA,0.80952380952381
"SEN1",0.3590813,1.65029250524191,1.67768546828496,1.55352283920835,2.0858126200028,0.302541089607118,2.94628979995748,2.32720418339976,1.6391495158746,NA,NA,NA,NA,NA,1
"SEN10",0.80545539,1.84564036348576,1.03150393799225,1.89104991394148,2.01987187539254,0.157092030360531,2.9530834914611,2.82583017077799,2.42426470588235,NA,NA,NA,NA,NA,1
"SEN11",0.44593567,1.43130006266296,1.66798461590094,1.57645655403037,2.06101931985694,0.278396560868888,2.96047445002984,2.53677776401581,0.756378929359676,NA,NA,NA,NA,NA,1
"SEN12",0.54024976,1.97006940300413,1.56738123113758,1.63612747397525,2.28918662886719,0.291715575560103,2.90486524456097,2.57510901013415,1.5458726435967,NA,NA,NA,NA,NA,1
"SEN13",0.42079124,1.6978103891603,1.6692603964521,1.59432574838286,2.28991382257807,0.493475872515502,2.96266065244163,2.68970157445948,2.37016339731502,NA,NA,NA,NA,NA,1
"SEN14",0.6968537,1.71040079566121,1.82337739108001,1.73661755378634,2.04317763043933,0.136206292581788,2.73227448319103,2.31831384669726,1.81633349400794,NA,NA,NA,NA,NA,1
"SEN2",0.36239681,1.71909156883116,1.92846004245464,1.7358148733006,2.35719232220128,0.349220147587695,3,2.75866201694034,2.40171892669688,NA,NA,NA,NA,NA,1
"SEN3",0.6864112,2.05667419437201,2.09742515445076,2.19084470049128,2.47990468934258,0.31783767213757,3,2.47572058888668,1.60174176329207,NA,NA,NA,NA,NA,1
"SEN4",0.5714286,1.14285714285714,1,1.28571428571429,2.5,0.25,3,2.75,1.625,NA,NA,NA,NA,NA,1
"SEN5",0.62536931,2.03910137090398,2.22915554240133,1.97615098261325,2.23991125201703,0.180345887759902,3,2.49628835797878,1.85765509067546,NA,NA,NA,NA,NA,1
"SEN6",0.63572133,2.11137195223034,2.1897010398675,1.88023995492162,2.31610068443854,0.130008275647479,2.89967043350355,2.32597653001705,1.63948791221292,NA,NA,NA,NA,NA,1
"SEN7",0.69469005,2.20135641083808,1.93837269778814,1.72852117669938,2.1973562534218,0.320418154130694,2.88989877789684,2.60585225124196,1.84634773310403,NA,NA,NA,NA,NA,1
"SEN8",0.42420191,2.12280459133219,2.27780649210598,2.0015270399997,2.4747640282971,0.43585704045891,3,2.84025439566474,2.07191597732875,NA,NA,NA,NA,NA,1
"SEN9",0.58160299,1.72732801750544,1.55469513776259,1.90273813693872,2.21235029140822,0.25,2.87458242746487,2.74657948997742,0.871176677644529,NA,NA,NA,NA,NA,1
"SLE1",0.71942246,1.54524120219371,1.47859610153215,1.33789916394164,1.4866916268534,0.215356369453953,2.39478230764714,1.96631577725741,1.57251383914838,NA,NA,NA,NA,NA,0.941800811672525
"SLE2",0.60725081,2.08500082010169,1.58150303743267,1.4271891065596,1.63389196176718,0.237675811950337,2.19288920256269,1.39235785116078,1.23457544763297,NA,NA,NA,NA,NA,0.9682153081293
"SLE3",0.73299605,1.11442317521112,0.879634045311192,1.31617212100175,1.3187908439632,0.161202123719671,2.57191147956336,1.71843091790284,1.23122890681479,NA,NA,NA,NA,NA,0.91058251034595
"SLE4",0.37386927,1.50925806665941,1.39820354838453,1.29413054173453,1.54123299378237,0.291714502987513,2.19599164146726,1.37126976429728,0.801280384782595,NA,NA,NA,NA,NA,1
"SWZ1",0.21385792,1.60518265654478,1.54254157301646,1.43054343816055,2.16238757366668,0.0596774009826678,1.91420697645042,1.45555580620944,1.12203061775059,NA,NA,NA,NA,NA,0.978765312628437
"SWZ2",0.3053813,1.57238656345964,1.56478389197317,1.55408682315782,2.02583694877268,0.0963808651296693,2.07448078849823,1.4334721748476,1.03725510396365,NA,NA,NA,NA,NA,1
"SWZ3",0.22976455,1.61655183710399,1.52719196596218,1.54902416493178,2.06065142641844,0.0781346047987803,1.88272732703309,1.32732286399599,1.02702003435126,NA,NA,NA,NA,NA,1
"SWZ4",0.3831577,1.69226321164261,1.41136495093739,1.53020088105861,2.09170005370448,0.118993660340499,1.9090577268305,1.41351691712253,0.959200903371545,NA,NA,NA,NA,NA,1
"TGO1",0.47772312,1.63876699707281,1.34199428892896,1.409366115318,1.8865149765517,0.131605375114344,2.89422844655871,1.90905118580178,1.2038529877955,NA,NA,NA,NA,NA,1
"TGO2",0.48258984,1.40293210596071,1.03966469289549,1.25183371482603,1.8310004583881,0.141277040733076,2.8390381371943,1.72155499689289,1.13049686721513,NA,NA,NA,NA,NA,1
"TGO3",0.312876,0.8127313428318,0.648959863257984,0.870096422057761,0.833074477060361,0.12614660847692,2.63582937390651,1.01695465967637,0.666561787553825,NA,NA,NA,NA,NA,0.938951069687042
"TGO4",0.4167963,1.39718917013461,0.859025869187788,1.55078964400947,1.42095661048039,0.232520930966291,2.6740097003733,1.33798640650874,0.714799358319173,NA,NA,NA,NA,NA,0.971330759131598
"TGO5",0.51692069,1.95415756606106,1.46097515715244,1.84276998774382,1.85187821045305,0.371679014768054,2.79774082706384,2.14386524854996,1.92962018506596,NA,NA,NA,NA,NA,1
"TUN1",0.063690893,0.900673189115264,1.31140657881874,0.893749846994899,1.58997104750928,0.219640631164402,2.33870727913187,1.80649532078802,1.68379560813701,NA,NA,NA,NA,NA,1
"TUN10",0,0.484028624894401,1.2145065685203,1.28211769363025,1.42882905865421,0.1,2.19218815146554,2.05390592426723,1.84609407573277,NA,NA,NA,NA,NA,1
"TUN11",0,0.687026900302953,1.01802557562323,0.63376608372774,0.940886278492841,0.184340181680777,2.03127553130649,1.65418368753766,1.61115226615876,NA,NA,NA,NA,NA,1
"TUN12",0,1.10583176392936,1.42529720502898,1.18394471336652,1.60678665225158,0.0418127603017925,2.25408432011702,1.8999796111646,1.78200522539254,NA,NA,NA,NA,NA,0.770667461058565
"TUN13",0.044383664,0.704889820127196,1.14952057566794,1.06273760218537,1.58130896535653,0.18811920056166,2.52607934143124,1.85982790864811,1.42629634632652,NA,NA,NA,NA,NA,1
"TUN14",0.050060596,0.919856500021038,1.10121340974926,0.911918206771591,1.42692028961081,0.201465309990131,2.14844379196075,1.44397309299728,1.43840733424362,NA,NA,NA,NA,NA,1
"TUN15",0.049576532,0.802373672237671,0.965238879987367,1.05608049951899,1.41232242378942,0.0982648341398905,2.55325347224425,1.76317890452235,1.465730220467,NA,NA,NA,NA,NA,1
"TUN16",0.013282686,0.65682585335889,0.784203961801913,0.649956498506756,1.07013738211588,0.0751472106860104,1.79556427827009,1.34642895060967,1.45933287559869,NA,NA,NA,NA,NA,1
"TUN17",0.040588778,0.730653234972207,0.715912335852207,0.774119524022284,1.37098062288203,0.0985779640089245,2.41208535631813,1.63548698946022,1.41722653576643,NA,NA,NA,NA,NA,1
"TUN18",0.10732286,0.832530194211551,1.13765340485002,0.960891510947885,1.3987509391738,0.433443466279896,2.49829446240087,2.0236020541145,1.74573114426007,NA,NA,NA,NA,NA,1
"TUN19",0.037115574,0.982274199254581,1.2482174941117,0.858833778657606,1.48983929741721,0.440360583974069,2.14613491860952,1.78773048449425,1.77252290936998,NA,NA,NA,NA,NA,1
"TUN2",0.022405572,0.865242396494329,0.681698597951149,0.678059628066927,1.47426145892607,0.297012969259578,2.3751164672926,2.03636611197785,1.90583985557405,NA,NA,NA,NA,NA,1
"TUN20",0.054738369,0.630002759527995,1.10793679333837,1.0357877433308,1.44331249856828,0.0401311071623785,2.5914272433529,1.95170240424825,1.55242305758611,NA,NA,NA,NA,NA,1
"TUN21",0.077757046,1.05775969653724,1.32255268196705,1.13544612065552,1.9768572880566,0.2,2.4,2.16112147876281,2.20560739381405,NA,NA,NA,NA,NA,1
"TUN22",0,1.3,1.66666666666667,0.75,2,0.1,2.4,2.44444444444444,2.4,NA,NA,NA,NA,NA,1
"TUN23",0.084137104,0.728642678373582,0.794372867704202,0.613578609017622,1.28005803726098,0.100118548010937,2.01591984927437,1.46847416425182,1.35355837924088,NA,NA,NA,NA,NA,1
"TUN24",0,0.955186405556266,0.984251783160682,1.21308084399871,1.33333333333333,0.212598573471454,2.41259857347145,1.76246714217618,1.48766428911909,NA,NA,NA,NA,NA,1
"TUN3",0,0.85416046351571,1.12727124479429,1.08778645196181,1.42733458111672,0.240376814869586,2.32531308704842,1.92600330576029,1.735838122255,NA,NA,NA,NA,NA,1
"TUN4",0.093144655,0.941506805782422,1.02761571482504,0.904350389764303,1.11147390443916,0.395492946294392,2.24365667590647,1.92171099811428,1.87067950476906,NA,NA,NA,NA,NA,1
"TUN5",0.022196433,1.06184839118226,1.06596391670958,1.0010451343777,1.34164524580026,0.153627327809135,1.89804371715558,1.74473582624506,1.57966719862164,NA,NA,NA,NA,NA,1
"TUN6",0.072669216,1.16072991816794,1.28279393861497,0.99510849147555,1.51709581852764,0.128652580814458,2.02832868258509,1.76795026188795,1.90663250193076,NA,NA,NA,NA,NA,1
"TUN7",0.049301427,0.590247098629177,0.716175435627622,0.699625302430273,0.858191380007834,0.351523256318485,2.20330687154136,1.85544298522636,1.83269135535205,NA,NA,NA,NA,NA,1
"TUN8",0.013675885,0.664797492711273,1.10908010957306,1.21393616079531,1.50267345537118,0.174745659914438,2.6393874998091,2.03910687476175,1.49756450905889,NA,NA,NA,NA,NA,1
"TUN9",0.019494886,0.982218325079402,1.31831450780987,1.00139272209042,1.55367457922949,0.120326064985826,2.07943217984117,1.78042247858349,2.02255173951747,NA,NA,NA,NA,NA,1
"TZA1",0.51872182,1.81611976333244,1.26320974969563,1.42006213937465,1.59644240777329,0.0798090008168126,2.45803275997715,2.09921175341518,1.8539754255675,NA,NA,NA,NA,NA,0.916823825910731
"TZA10",0.31018263,2.42756201347257,1.73184002239009,1.90096936204532,2.08064776584787,0.0880128430825798,2.83389688469677,2.32513191573836,1.8851911332814,NA,NA,NA,NA,NA,0.752849856584314
"TZA12",0.44529974,2.29886037958829,1.54318457322955,2.00795429276984,1.87210648321951,0.0261702084558881,2.58745923783248,2.02120969251436,1.29358631866497,NA,NA,NA,NA,NA,1
"TZA13",0.555348733333333,1.97122286065338,2.13845111914866,1.59296050918047,1.98141117434934,0.122219795065713,2.2518726227569,2.35935232015845,1.10707416949847,NA,NA,NA,NA,NA,0.82494497544824
"TZA14",0.20542261,2.53681353336151,1.52867329536098,1.83526056128811,2.2164325865912,0.13615373417556,2.75320290409087,2.38519781566973,2.08342775996954,NA,NA,NA,NA,NA,0.771068966043577
"TZA15",0.27998045,2.08396880895656,1.73221415272958,1.74153709626683,1.88359267106098,0.0476540266657978,2.85911764846002,2.34606855832493,1.76068442157322,NA,NA,NA,NA,NA,1
"TZA16",0.53799826,2.33730068911207,1.74398967770545,2.1297124722596,2.26509847951389,0.0649242383767375,2.39913273702206,1.94434325852152,1.53145561758333,NA,NA,NA,NA,NA,0.920485192536484
"TZA18",0.32312891,1.83047380421224,1.60083071980051,1.66785763512317,1.72773203528563,0.311411365066659,2.81247946738252,2.5668871512628,2.12707586372191,NA,NA,NA,NA,NA,1
"TZA19",0.43472859,1.76106680465217,1.4396850202054,1.83517898138152,1.79748513936939,0.116141102761901,2.66792320616194,2.32307449050404,1.74359338427921,NA,NA,NA,NA,NA,1
"TZA2",0.27448294,1.87794869136356,1.37268072998508,1.75370067323914,1.82622734417322,0.135363145515937,2.63596695383458,2.18741271789297,1.67415688603627,NA,NA,NA,NA,NA,0.916084827434683
"TZA20",0.32377341,2.43500568824427,2.02439410550087,2.00310644829722,2.45326425958943,0.253046812297753,2.87507173153768,2.31866289390675,1.44051666175823,NA,NA,NA,NA,NA,0
"TZA21",0.71211612,1.97081725801838,1.71887013440261,1.70921910161857,1.79871215148184,0.0931449796936333,2.64031912410995,1.95984867474872,1.56629394299007,NA,NA,NA,NA,NA,1
"TZA22",0.62848151,1.71692202970067,1.69070406509083,1.94215405880376,1.7447952482612,0.111464819253279,2.74698363986998,2.34079886989338,1.56985401037944,NA,NA,NA,NA,NA,1
"TZA24",0.55783099,2.44269527330001,1.75083739088702,1.99308606993908,2.46975026420713,0.19560152813523,2.78388229090574,2.27060230758691,1.66034335748444,NA,NA,NA,NA,NA,0
"TZA25",0.56215139,2.02837170765314,1.51586000982247,1.67799126198211,1.93850140614427,0.143615997157849,2.5993918361913,2.07897124992764,1.58584788632852,NA,NA,NA,NA,NA,0.5
"TZA26",0.40967453,2.52444544109201,1.62563383675445,2.30901816240495,2.34374485613534,0.16598235403157,2.75126938347078,2.53638916746534,2.28203616039254,NA,NA,NA,NA,NA,1
"TZA28",0.043092441,2.47875702583234,1.76092473321441,1.87277221100665,1.83618488119297,0.085855735154711,2.89512907967098,2.33255000721978,1.82999307218817,NA,NA,NA,NA,NA,1
"TZA29",0.14816256,2.28514087050484,1.51757043525242,2.08146599287646,1.93889555762404,0.0379418811901539,2.88977932000435,2.34904632356612,1.74161675881854,NA,NA,NA,NA,NA,1
"TZA3",0.35525918,2.25713716497831,1.49989615570259,1.70648751900316,2.00716291402351,0.157976865775983,2.69810480492777,2.15652346016753,1.86589884721926,NA,NA,NA,NA,NA,0.810769466373901
"TZA30",0.1573745,2.15508938708864,1.52464060881987,1.7796787764511,1.77797117123503,0.0377063621270417,2.7426345315493,2.31807959166743,1.8220871946694,NA,NA,NA,NA,NA,1
"TZA5",0.75741649,1.62503423527125,1.63813326409038,1.78309142150005,1.80042212665851,0.113307324941372,2.53686106266269,2.10228770993996,1.55494361202885,NA,NA,NA,NA,NA,1
"TZA6",0.7535494,2.11605313070555,1.54698182705441,1.88039926114441,2.26062550345469,0.0747876349808118,2.41864386871797,2.08741960330597,1.6486552565293,NA,NA,NA,NA,NA,1
"TZA8",0.51979589,2.50178215994214,1.93568276465496,2.14352741194795,2.37770988249517,0.0529422991607473,2.8909928886367,2.31960650754307,1.61690368332363,NA,NA,NA,NA,NA,0
"TZA9",0.49926306,1.69205181115662,1.3980953120497,1.65105299258131,1.62154063003846,0.126710703789922,2.35054972083809,2.01696487436318,1.71256415165573,NA,NA,NA,NA,NA,0.929061989669025
"UGA12",0.49183083,1.95194163942953,1.47316712836793,1.78936003301448,1.93922670518107,0.102551215596919,2.08715540620146,1.69973572667456,1.37606151906122,NA,NA,NA,NA,NA,0.613167763648938
"UGA16",0.1145412,2.01764420947471,1.18139680770491,1.61383369458128,1.90097688981393,0.048258194209507,2.10885483406459,1.20113889465238,0.742354138988904,NA,NA,NA,NA,NA,1
"UGA28",0.55042887,2.12352896282386,1.13005873198537,1.99576468120457,1.91271631434859,0.302650026841366,2.51971016542979,2.03357348828934,1.70780014260082,NA,NA,NA,NA,NA,0.812966119736264
"UGA34",0.29369408,2.08459913842055,1.40361650834519,1.8115103407775,2.10267045475147,0.0298012387757557,2.17698838011168,1.50992285198091,1.08292613461151,NA,NA,NA,NA,NA,1
"UGA35",0.14009193,2.01276786043711,1.30669636941743,1.76243294888754,1.82851321546332,0.0929266620835029,2.24129601036353,1.4279160895286,0.774693106818774,NA,NA,NA,NA,NA,1
"UGA38",0.46358308,1.88258646256127,1.35658520754438,1.80311060367193,1.91269686349651,0.177467256577988,2.2314161272615,1.76913526948834,1.29045514324289,NA,NA,NA,NA,NA,0.995376738721562
"UGA41",0.43209004,1.93137688617246,1.1703010325746,1.75407133823398,1.89201230156602,0.271595594626835,2.2582404622521,1.87813129580069,1.27937028887405,NA,NA,NA,NA,NA,1
"UGA56",0.41369,1.75586414229813,1.17416283869425,1.7033018159509,1.87812264524764,0.125153482790209,2.18481279578474,1.63823643919899,1.27709069909758,NA,NA,NA,NA,NA,1
"UGA6",0.32548678,1.6943374645362,1.27836142586714,1.64046732582643,1.84699006310195,0.119198751615292,2.3130171408787,1.73568178660262,1.22453287703938,NA,NA,NA,NA,NA,0.952652269666082
"ZAF1",0.18487114,1.2173675031955,1.67771013870609,0.918972754614954,1.52875099885094,0.157456186221978,2.20024913530711,1.56375364907499,1.11875691927965,NA,NA,NA,NA,NA,0.967479561185611
"ZAF2",0.15773055,1.8916615310686,2.06737737874478,1.47246787504302,2.0568673173632,0.143627899232716,2.02970251016777,1.54386400215635,1.08585661148773,NA,NA,NA,NA,NA,0.968824642611442
"ZAF3",0.29857981,1.65069289387132,2.04492309299659,1.37690652126896,2.01095974100224,0.14094054097234,2.35858930560649,1.61547285752496,1.35983400595751,NA,NA,NA,NA,NA,0.800512203730452
"ZAF4",0.242153005,1.46981685137095,1.60433766754969,1.43875108560994,1.68781763610131,0.226750859258081,2.26520343750392,1.72026913368638,1.34830870525956,NA,NA,NA,NA,NA,0.970643231289575
"ZAF5",0.40236741,1.69749501054031,1.95317069451464,1.30121297563211,1.92943268254861,0.0594973770247218,2.00114130837621,1.40217850351195,1.02982445186086,NA,NA,NA,NA,NA,0.692341996841542
"ZAF6",0.28961289,1.88409745021379,2.23913031160594,1.40453108211551,2.15357946014329,0.183242663412757,2.34085883193171,1.64622573930137,1.21737031232463,NA,NA,NA,NA,NA,0.84890846597767
"ZAF7",0.1489898,1.95094444423729,2.12745404783309,1.38637462504656,2.05366409049463,0.223772474305894,2.02147231626415,1.40284967927575,0.998633481047602,NA,NA,NA,NA,NA,0.922496612753017
"ZAF8",0.16432564,2.18197864702181,2.26115420745272,1.82295420026631,2.4538696059862,0.0912973172688499,2.6272165900682,1.69754829218828,1.0835406656901,NA,NA,NA,NA,NA,0.989549693288042
"ZMB1",0.40093771,1.76703717106948,1.56793379103822,1.56240326358217,1.81450087694208,0.0972350840363426,1.86867433171216,1.29831551713036,0.952466526376245,NA,NA,NA,NA,NA,0.69364103103786
"ZMB10",0.23179394,1.86238077811817,1.46055536833339,1.41173403804526,2.13671163109808,0.0332202195375585,2.62445911436324,1.89205434988362,1.41641751526601,NA,NA,NA,NA,NA,0.769392850343598
"ZMB2",0.13143083,1.10358141770154,1.33684795882271,0.973040675139132,1.66800517325366,0.0395555014237478,1.80035426420318,0.990486058706254,0.72208142590303,NA,NA,NA,NA,NA,1
"ZMB3",0.517137735,1.74627210457632,1.6829033250965,1.19979282481239,2.01888485650671,0.0829290899994933,2.90147022664211,2.03755187656262,0.957482698960554,NA,NA,NA,NA,NA,0.928131334751671
"ZMB4",0.46492434,2.11728628582974,1.52163886191205,1.49336660024108,2.09059828582877,0.252319895583711,2.46290999751846,2.04673091468925,1.18619063265456,NA,NA,NA,NA,NA,0.86589493079856
"ZMB5",0.039813947,2.0204129276434,1.79855007870222,1.13096193976054,1.91870023371402,0.0224894325314619,1.97805731668136,0.596417601211718,0.468226132705997,NA,NA,NA,NA,NA,1
"ZMB7",0.2377664,1.83842220983561,2.01249635176479,1.86059069181895,2.21367233773873,0.054160383393695,2.41520469111739,1.70980352935964,1.17870005563888,NA,NA,NA,NA,NA,1
"ZMB8",0.481663825,2.58690099497622,2.45064118747728,1.71868330241393,2.51494719138191,0.111031231615943,2.4889145981196,2.25832287409252,1.70625082515003,NA,NA,NA,NA,NA,1
"ZMB9",0.29794008,1.99972906121489,1.77341005027693,1.71930000200192,1.96393716403261,0.014092767711181,2.56411764961357,2.14665753037223,1.44856539522869,NA,NA,NA,NA,NA,0.949076794433206
"ZWE1",0.4107472,1.24280650653759,0.789846691159795,1.34462336539501,1.49991493705342,0.0274748454869534,2.21830499246105,1.51475078439217,1.18798037440249,NA,NA,NA,NA,NA,1
"ZWE10",0.13372231,1.84116062694309,1.29270436370776,1.57606002120079,1.99398451294069,0.279470829691487,2.5163147583168,2.08093920183387,1.43736390393627,NA,NA,NA,NA,NA,1
"ZWE2",0.14635904,1.35562328558366,0.923835253149263,1.03165330301943,1.52307419022884,0.0651631495320892,2.20812213408409,1.4991874241042,0.965183658625288,NA,NA,NA,NA,NA,1
"ZWE4",0.412484005,1.64249337746601,1.42634339145277,1.56422784102052,1.70722108726156,0.191866501089827,2.07299632922405,1.65867077709267,1.18951071829644,NA,NA,NA,NA,NA,0.864284580568295
"ZWE7",0.393078323333333,1.80344854086705,1.39501696485504,1.63707162622357,1.92548804273221,0.223797886928053,2.22731493656605,1.76330306711978,1.21297749627494,NA,NA,NA,NA,NA,0.890828694011419
"ZWE9",0.339474015,1.629054585294,1.03391871902684,1.64495797982693,1.76456661566882,0.165119639133672,2.28014428866745,1.79368876947134,1.18701508163995,NA,NA,NA,NA,NA,0.904814006300928
