,GID_1,Mean_of_Night_Light,Std_of_Night_Light,Mean_distance_to_major_rd,Std_distance_to_major_rd,Mean_built_settlement_growth,Std_built_settlement_growth
0,SEN1,7.176919394832284,0.6217478339907417,1.5734887563807034,0.09199735188850916,239.83283655611314,10.0149699760708
1,SEN2,0.2572638322916566,0.15773580606044962,3.4706202924539555,0.5483506131749324,239.8504945326879,29.2139087776799
2,SEN3,0.0539875195739138,0.02625016559697084,5.249177490030627,1.001454058545189,239.91375477457814,34.01826377409405
3,SEN4,0.15910879702395475,0.1598275834391042,9.458896354168417,2.6376314577805626,239.98681218632717,52.94508608874753
4,SEN5,0.04336895183968145,0.04229706430488238,8.846812151165997,2.176742098550465,239.95728986752576,44.068033211026545
5,SEN6,0.0972385261194513,0.06044791847759033,4.644868437565704,0.7181193362927482,239.92557097192068,30.714514735717753
6,SEN7,0.09790880681290594,0.0917983632045607,7.717269383354964,2.087708151689382,239.95762145257584,48.199853459942595
7,SEN8,0.06071456732628095,0.0019241592771272059,6.7361212141339815,0.21397724491101078,239.9995468642215,6.946746094681399
8,SEN8,0.045402705346149395,0.048395413544809404,13.15706478260704,4.769961387720358,239.91243928828044,63.50164862948689
9,SEN9,0.031461146198097575,0.03143246774799176,24.873513613463203,8.607487269094577,239.94992911352938,67.48165482988794
10,SEN10,0.06030188251364478,0.04160391637889295,6.18966806642225,1.21431260428159,239.96644165571712,35.48261130399991
11,SEN11,0.054690690748463514,0.0666828315097788,18.31707116414785,5.772424894946008,239.917764189309,58.291993363939895
12,SEN12,0.0928513251127728,0.21384644069530884,11.637714388052826,5.407990141031396,239.9534695254648,81.11724169649234
13,SEN13,0.337471800527679,0.19908395364463916,3.228848694948457,0.5893861694937158,239.78041925914255,34.03826108437638
14,SEN14,0.0451371687211151,0.03277648627371573,4.075387122943746,0.8208304702086399,239.91594300754605,34.97458465525039
15,GHA1,0.42288752080114766,0.4020463395620233,2.9321259999728753,1.2979101629351562,239.0304663947573,61.70158204557367
16,GHA2,0.13321627010997897,0.19828660109376056,6.080850218268311,2.9493299809746056,239.53578318549728,76.0083776591335
17,GHA3,0.5022851993135897,0.2458160149831941,1.8846960165643596,0.42331420428325633,239.50969718904403,39.25635076474798
18,GHA4,0.28723490057580403,0.18537548831334721,3.6434826281523427,1.278385102516877,239.60162036785982,53.688270013199045
19,GHA5,4.242348179105117,0.8773437365785911,1.6496400644641547,0.24189454847989494,239.29430342424368,24.463616944038
20,GHA6,0.13372864332242618,0.2935641871087755,5.029583923840071,2.881623762328423,239.7715970330365,95.96674289185763
21,GHA7,0.19124949595075516,0.10443409675288143,2.7403288441263047,0.5790522258070059,239.94455552042714,37.36065683312985
22,GHA8,0.11918475727367187,0.12447396415277234,3.3049225786901357,1.0428179688191732,239.93911719622744,54.50159635636042
23,GHA9,0.21779647555964088,0.15810701353779752,3.7226662009849507,1.2764306909521332,239.6299825318588,56.419820471493374
24,GHA10,0.22509584750708447,0.29938322523706506,4.410219073297198,1.7868202467539123,239.53743169742657,61.291506456433176
25,AGO1,0.09942536582215888,0.055806733271585425,15.691512825799188,2.6740371758427135,239.9934583959081,30.710554657403335
26,AGO2,0.21007892043034196,0.16263146508083157,12.62321470762342,2.336113145130818,239.98078109943796,33.09765326114514
27,AGO3,0.06473681877843797,0.047770330424678584,17.907610268075725,4.53198548965417,239.99095669337908,44.28240348592157
28,AGO4,0.7024333410973521,0.7492148542725947,7.475162290295729,0.5185765946090033,239.99230869585944,14.013082203784114
29,AGO5,0.17678456069468315,0.10631200499636101,28.9919305537646,10.779181690158792,239.97791496006974,71.78393272650008
30,AGO6,0.09143515497991116,0.06737433222215988,8.620265216612468,1.1927511451462876,239.9938553417304,25.633929534105395
31,AGO7,0.12935993259685383,0.10934514160117516,9.962760737786027,2.200925576779991,239.98014501453002,38.84558499288013
32,AGO8,0.21503286945807992,0.12026746091306614,21.47760805886771,5.2859624510191585,239.9955352127205,46.197303127413655
33,AGO9,0.27933882630594953,0.17360033382170775,12.468231742959873,3.197390387652126,239.98184877595838,46.41772848370498
34,AGO10,0.2492393123221668,0.09670535694861118,7.686589681272951,1.322635421700864,239.98195107654388,30.337278537509604
35,AGO11,8.691153831530587,0.5571542738417655,2.593028510064775,0.1226239430965304,239.93436559792278,8.250120184834627
36,AGO12,0.18185745930650288,0.289758508381074,22.80964810246599,6.4831003536218965,239.9858052133179,53.41985465664446
37,AGO13,0.11854030684999471,0.12074629624683576,22.15714999635065,5.167530066973085,239.99403065128672,45.82400718682575
38,AGO14,0.13061475159785624,0.1814848128119738,16.640958790869213,4.165775453706628,239.98681972390628,46.95911626986227
39,AGO15,0.08427395997741957,0.07630899517280233,33.529770303975695,12.761064496917855,239.99187589358812,71.41018488406993
40,AGO16,0.06611688813752703,0.08027472843505377,22.282231368748718,4.6380880781790115,239.9965670742889,40.10295521561371
41,AGO17,0.07339287438441487,0.0842396004977566,19.659118194790633,4.3374082894425605,239.98114345862786,40.87803726010859
42,AGO18,0.5493894032411278,5.267779347628019,19.374826817413357,3.2152629437514353,239.99001017975016,31.58629875874232
43,BEN1,0.08002109276372145,0.06990458316165324,5.5984698586192225,2.402570351381027,239.92686481789264,76.63846846747401
44,BEN2,0.10316812258119373,0.0974600141036467,4.913140518880398,1.892289552672248,239.92698189769055,68.78993458710127
45,BEN3,0.38251951649291516,0.12376666741252325,2.585471885128114,0.3775470478360482,239.61444075087994,27.388788532720778
46,BEN4,0.0639142329672188,0.07399624780986151,4.610670166346579,2.099459819176133,239.843454342748,75.95919852869736
47,BEN5,0.05638526643463402,0.17739127004352342,4.592803577163181,1.4211020486812544,239.871065989256,57.568572265786855
48,BEN6,0.052146522156535195,0.03514239020624347,7.401881063021885,2.1726354025100014,239.93369091996934,50.942147251943524
49,BEN7,0.06706863958881433,0.015932875720951416,3.5492352017910545,0.4838678006105834,239.83471932893315,24.693836071395644
50,BEN8,12.829824568312844,0.20274443754234775,0.2894356650785877,0.004332046832475518,239.95944251939193,3.1832047982133607
51,BEN9,0.15398373975804555,0.03454486690675739,2.300419677793931,0.2329749246972762,239.91370426403498,19.76748357587379
52,BEN10,0.6670824519924172,0.12528880188595834,2.30044241476328,0.23164956414597485,239.66879426221098,18.20120553135528
53,BEN11,0.08851970328304064,0.05183867139659343,2.9618862375683066,0.4667110951102218,239.87737225435035,28.046018207141927
54,BEN12,0.08565792725253915,0.045521104583993395,3.057589280867138,0.5882574318995738,239.73401428684917,35.33401918996969
55,CMR1,0.0905179150966743,0.05935532109884601,8.122039108908172,2.60178078042259,239.97270017066177,56.754058767052285
56,CMR2,0.1483723477251419,0.21720485812225032,5.546734940114391,2.197506977465728,239.9129073457775,58.65107861925391
57,CMR3,0.02298834654618109,0.02804139004834687,10.070569094373338,4.208804299433322,239.9638537528699,72.2449256703759
58,CMR4,0.07029836898182032,0.04984145838347103,4.969774440749595,1.3523723923309008,239.93908964198377,42.18522143118057
59,CMR5,0.1818066359742958,0.14635456591435553,4.583586319474543,0.8265604563592698,239.92941589013896,32.396182651565475
60,CMR6,0.08768207551920303,0.03478637318234779,4.3666941129811265,0.785643764874913,239.9578098175686,30.279618609882938
61,CMR7,0.1576230285421337,0.18152153105624408,8.378491279461715,2.781241816104908,239.95507938392902,57.728837685115494
62,CMR8,0.09420765547842253,0.021205131794666,1.9482058345661954,0.3257019822313633,239.91675035975527,27.076444356992162
63,CMR9,0.07426659895801142,0.058925902533081775,6.707790787646114,1.3477705447298303,239.95482812926787,35.88175457605746
64,CMR10,0.03630005397215817,0.022479741829529155,6.035219502277146,1.7736836023702027,239.97247755878126,49.01149386580509
65,COG1,0.08888558280650975,0.09030076289359758,8.011516825704483,1.4246185878007886,239.98492435616353,29.800506074881287
66,COG2,20.989112728669316,0.27252287201387526,0.5174919558876678,0.007207425635810225,239.97792607465857,2.7044442531449153
67,COG3,0.03337198309739848,0.011082732981366712,24.977641895071912,4.9446524505536615,239.99529388562718,41.421233059303205
68,COG4,0.06193947752314454,0.0669505082818345,36.2790301731523,11.220448536968167,239.98848194555384,55.1920325173796
69,COG5,0.44635476531339563,0.6579633218987098,3.7569762361080414,0.6378209433154834,239.9588492882077,30.931843482484556
70,COG6,0.057966542254059034,0.05081891723559966,13.72634938679307,2.8285853142848554,239.99560552139735,38.50118199740287
71,COG7,0.021357098695713582,0.012472694595361388,38.84361248137366,13.04656658347537,239.99359573858362,66.35366076770335
72,COG8,0.07040166625573935,0.06604362982605369,9.108667494493462,2.3621786326147647,239.98749609120196,42.18274704631462
73,COG9,0.096094055762003,0.1138414145481428,10.521549575408859,3.040517363143088,239.9880606640527,52.209621382312655
74,COG10,26.210781325051673,0.21862303042289824,0.5050381594188819,0.005132047733860327,239.98656010770256,1.8768061492253636
75,COG11,0.1664421413510355,0.22042095719455684,14.45529869776061,3.9845038773355173,239.9041746721764,49.18332709989815
76,COG12,0.02602652074339036,0.038499105388318466,28.515587510326352,9.975868835225787,239.9873082903877,62.02300273394588
77,COM1,0.05680724712653058,0.020167682898798136,1.38791829037216,0.28420366928537577,239.7658635960029,38.07048344693141
78,COM2,0.12512487860946603,0.07903170206895095,2.06931060946334,0.6788761124252445,239.2998976708311,57.396845425569424
79,COM3,0.0311302323226921,0.006805817020653522,1.8789449279000163,0.2828490848165888,239.93867220022017,27.277344964657036
80,CPV1,0.1216509108601006,0.04832283075311635,3.2950270266375408,0.3715943304553769,239.9888877671804,21.619464528859904
81,CPV2,0.1571952491753326,0.008833182470058801,1.8180782733188716,0.0829353166834201,239.9965526404274,7.180126732584309
82,CPV3,0.11418365360071711,0.032160820144719056,1.8432426070339736,0.13898965392480836,239.99288239758712,14.216540588576107
83,CPV4,0.09218547131110237,0.005143777617372824,1.563732414220665,0.06017935817929335,239.9969096738674,7.759775728473298
84,CPV5,0.15492587114807477,0.006440150361070128,0.6741186796053942,0.019712332788707015,239.9994894149197,5.973032188110167
85,CPV6,0.07429345721898795,0.03686752685568968,3.245842175109263,0.3777182511333926,239.98740413818857,20.754131520920893
86,CPV7,4.430037119300861,0.31013200612700587,0.7358960393116926,0.034436723394508366,239.9543049749184,8.69481020395076
87,CPV8,0.09657398788643076,0.009924898158949886,3.3194669212394814,0.26091522910422565,239.99611010976346,13.255790919106408
88,CPV9,0.12475372571722187,0.012973658107739356,2.0713325562020106,0.10724810799176039,239.99844083337504,10.25887258020596
89,CPV10,0.13686146191545548,0.013874590793737276,1.094214407828791,0.062422200842301157,239.99526980663495,11.18230189110262
90,CPV11,0.19680311224546354,0.01266742057290109,1.309087172720646,0.07226786377288645,239.99537272363975,10.819981155290659
91,CPV12,0.1456114746060853,0.030233971993591933,1.1721228750003652,0.09822934352259217,239.98439513247268,15.82698027650088
92,CPV13,0.49996511513022046,0.013112494886673272,1.121004976319823,0.028259999171935012,239.99971922100437,5.182413218643794
93,CPV14,0.2331559612276656,0.014837901507958046,1.5713418456692934,0.06047790684542339,239.9956582858297,7.722358956018668
94,CPV15,0.4700857161134481,0.01898046357561428,1.6772793705908553,0.04156066930975571,239.9984175408833,4.800605515831788
95,CPV16,0.8971923607396811,0.2032632091205861,4.380328099730774,0.43981242702972656,239.963699524669,14.215356547367298
96,CPV17,0.8195675570768025,0.1282525336600379,2.981249791724217,0.20520678567191752,239.9570199238857,12.927403651743864
97,CPV18,0.026703876921401,0.0009945356320248742,1.3211390831715624,0.04099722610954942,239.99982127798313,6.414277576753889
98,CPV19,0.1817083927876364,0.033761664566062104,1.6443796278404268,0.11534005357399242,239.98649003968026,12.973805075533424
99,CPV20,0.32289425428264334,0.023893459397065397,1.4584730111376791,0.07078237432246084,239.98975433122956,9.23598510467005
100,CPV21,0.13779869170557943,0.019865785251222613,1.9021626983742805,0.09658157229296621,239.99652503824126,9.257269936089711
101,CPV22,0.23814350144109972,0.027993689714438396,1.714713272252975,0.08897800707110413,239.99069906676345,9.43050390788324
102,DZA1,1.297208040521201,0.16177334638899318,1.4229333804919484,0.06623351127408901,239.99125732853722,8.36183059236407
103,DZA2,1.5256088921422069,0.15099351944273734,1.2172721682721908,0.042547647527346334,239.99554004534446,6.047646714156745
104,DZA3,0.08664670191173159,0.22250946621408474,87.60290974779095,36.00700258416388,239.99387085372592,73.23834656956413
105,DZA4,38.8515104284336,0.7346700979732219,0.32193146316168597,0.005522395942998355,239.97452232905917,3.445397735422353
106,DZA5,3.7159829297517826,0.22357068188321705,1.576053707008932,0.04074319344221116,239.99379988338282,4.679713659735812
107,DZA6,0.11973959320216862,0.2218403171042314,44.17247748212985,11.859551122868933,239.9953981630613,47.14645607561545
108,DZA7,2.2019311094111758,0.23238941065496665,0.9520039530858804,0.03817694344426834,239.9901614902934,7.06171000587095
109,DZA8,1.5032490916541454,0.4058945542801148,2.686519708800799,0.20373254347224448,239.9875977108146,13.585169617931033
110,DZA9,0.606768713042853,0.30869541413664164,6.451234147370968,0.6460780072928882,239.98789406153546,17.95663112586209
111,DZA10,6.075491996362057,0.2801856450465565,1.317286064769656,0.038120986683554486,239.98819446345217,4.78306430943882
112,DZA11,1.9492899579656409,0.22697973745655975,1.4351264509495365,0.05870462895575465,239.99210515496353,7.774816078365705
113,DZA12,1.3947030725304437,0.16602329702335053,1.107600604967144,0.04984071185949086,239.991582979532,8.293038683461445
114,DZA13,6.0945772915336,0.24531001254710466,0.6752196471917,0.0169662765263581,239.98798453487834,4.741393695086848
115,DZA14,1.9560927460700845,0.27272463965891935,1.1931864205252212,0.05282659669191216,239.98886729624186,7.919088619900429
116,DZA15,4.213449884818575,0.344307602427666,1.4238931460030266,0.046611593879136395,239.99147808124414,5.881624251160911
117,DZA16,0.4063674497149358,0.33213312933085004,6.155906968547769,0.7739371726396327,239.99319990827019,21.987186495826617
118,DZA17,0.12665488103392056,0.12368591628749769,22.76195025113293,4.214236087564431,239.99727466823038,32.22884445060173
119,DZA18,0.48878474068735633,0.4260499392853492,25.879136194552203,3.805927501822692,239.99098030968005,25.386397993313288
120,DZA19,1.6243316458921648,0.20215316649418796,1.8472137785245377,0.06661358499698512,239.9954232791204,6.687863751314791
121,DZA20,0.30218643122985955,1.1933397314701402,27.781573241662453,5.385797177949708,239.99430254531165,34.677824537103895
122,DZA21,1.0801716478003611,0.15312963367262372,1.809574202059256,0.0747396103119193,239.99536113182063,7.5390838025610565
123,DZA22,0.43350124465539963,6.075116837615652,43.7733654497771,14.588228122938549,239.99676076993265,61.695159672598436
124,DZA23,2.477556010131076,0.22924606892090604,1.5139043165339376,0.05135640731818198,239.99048453277663,6.09358044410617
125,DZA24,0.6499293939474501,0.2646564145273338,4.438411694886181,0.3023349052715675,239.99645387218817,12.036450539129598
126,DZA25,0.8654565825443351,1.8244105919313336,12.253727723011748,1.4892525490793789,239.99537386102818,20.211248928185764
127,DZA26,1.0546738670274944,0.41496099736542214,2.9392047969033475,0.2644214432771149,239.988591486135,16.487947307958926
128,DZA27,0.8548882624930916,0.1694623318082106,1.699894759759786,0.10860591187796396,239.9917856535555,11.557646243198285
129,DZA28,1.157755979628232,0.16037094213835193,1.2824130414776962,0.06516866763619138,239.99162918825644,9.294094671558694
130,DZA29,2.4495817543058074,0.234298618321372,1.253301769106592,0.05402179928161661,239.99218318253398,7.34642168080385
131,DZA30,2.624559371563289,0.20511169710281252,0.7641218261112465,0.02420429579960405,239.98935413296033,5.825222184278528
132,DZA31,0.17761810215784,0.1311470872551761,7.802473733967745,0.8536998276143659,239.99689781338267,20.968526979696804
133,DZA32,14.314291697935328,2.9346186582148,1.3265100742971545,0.045704042766914685,239.9861704456386,5.710761639010021
134,DZA33,1.630888737423414,15.876570325464014,35.78300947482406,10.545440004509407,239.98924418798205,46.42323265777554
135,DZA34,1.022031000588889,0.19745140595450392,2.208745165778587,0.11763717942479522,239.99299555795577,9.78736593176044
136,DZA35,0.9024697643502746,0.12963240850651186,1.5934119942192424,0.07375970624591043,239.99017233681673,8.634586939489129
137,DZA36,2.3956102393893914,0.3384591303282605,1.155041838497371,0.0639059291951303,239.98483062083864,10.11678523350615
138,DZA37,0.4359807209177957,0.1286161754475234,2.8689271000262533,0.169931868168735,239.9970785973018,10.104544584387238
139,DZA38,0.6236632381004412,0.15767009184479977,4.208218018636512,0.3232440612882261,239.9932190657761,11.895452780488778
140,DZA39,3.778663015327267,1.781242132677495,1.6584546793606125,0.07329923632551337,239.99021888141496,8.016436308909032
141,DZA40,1.0013087244871213,0.19044712233458969,1.92463176541129,0.08126949354986268,239.99682419307945,8.058926141945776
142,DZA41,0.5985871425453683,0.27487385655621105,4.404137794637669,0.3515210044839315,239.9929729117211,14.166882351313145
143,DZA42,0.05767555651746406,0.32360139969678153,76.9378108133814,34.358472919057306,239.99608169373795,83.89092876638213
144,DZA43,0.3334810854937666,0.16598596423297451,5.840697100745802,0.5821331877791243,239.9927905451395,17.42170925452445
145,DZA44,0.08742662614626784,0.08240573851392836,50.43019841837122,12.89209001015286,239.99763723313833,46.720384811817866
146,DZA45,3.3071413023714533,0.18406068828875033,1.1284343285382237,0.03140461334026209,239.9934993702688,5.174814782599924
147,DZA46,0.6186523992124197,0.09036500489246616,1.712124423531396,0.06279064174103231,239.9977010255654,7.008174124902617
148,DZA47,2.033089869618189,0.18006072211902155,0.6953441145465029,0.025974102826505554,239.9871950960676,6.779338039561393
149,DZA48,1.1085473875555028,0.24189978540791804,2.143846307016982,0.14540788056232545,239.98883114203252,11.695697939992023
150,DJI1,0.06563119175606935,0.04324686930583329,6.318426407118654,1.7964346368082464,239.97861325337402,56.471298337457114
151,DJI2,0.1300575017923683,0.039951643894142144,11.24651253819527,6.114922098589767,239.96022484827748,98.68431612806087
152,DJI3,2.0266825205251475,0.872489235970217,2.8616359724032163,0.5463921498771916,239.7099472060425,35.03607260149093
153,DJI4,0.09792027192611477,0.02279292762394039,13.347593829050517,5.651817547878118,239.92852135260912,79.2887282141328
154,DJI5,0.13092738245033447,0.03420668971603612,18.730231131954067,8.635288578484722,239.9510319224842,92.48858852943229
155,ETH1,6.410873328203266,0.15186987015167688,0.8666586240689738,0.01980884037482175,239.97019736348037,3.829635426747534
156,ETH2,0.3643258225226475,0.09859979057857841,21.010563953126265,5.485499180713441,239.98550344824193,49.887071079311156
157,ETH3,0.4098553013218931,0.13604621550345652,11.661141461001847,4.146636805961299,239.90041307882112,62.89641003250078
158,ETH4,0.4465815035155277,0.35176022091450415,15.638542299177388,2.9986634978782067,239.99756781834628,36.57825678784056
159,ETH5,0.5684706199448104,0.02365190595111287,7.342388173711477,0.1998172146298421,239.9970081446899,5.366231808955565
160,ETH6,0.2554079668541983,0.1266124741686151,14.959907823661455,2.2779322149651637,239.99873719772918,28.639148983091843
161,ETH7,0.3584715627856339,0.0168538597565956,1.309909159333108,0.023184070038207882,239.99843757404807,3.181831707644512
162,ETH8,0.15962202691969715,0.17316782952482554,13.588532254416487,7.5412768410393465,239.84642375659783,86.28200444051157
163,ETH9,0.015315021982754456,0.041763589388228675,28.224955232548886,12.917416921180182,239.94512794292248,84.94983896534593
164,ETH10,0.12940059241030438,0.12409012855995218,10.562191996094406,3.2413944090037985,239.9264767248686,52.8429159314447
165,ETH11,0.453811125719022,0.06083609595709504,7.196198970716286,1.4458820446290181,239.96754880657966,37.321737635515206
166,KEN1,0.025522334227866553,0.007592360560370615,4.379296823418263,0.6128414415336612,239.4750038870566,24.83599126785984
167,KEN2,0.07552079565253461,0.009830889486258704,4.56186480484484,0.2897687533932797,239.72951415989132,11.668034894957119
168,KEN3,0.09773764841554423,0.015763969022405993,5.156081139076136,0.47315724050111946,239.91033176149946,14.315517209286963
169,KEN4,0.11358725703466169,0.017634223337645586,1.8460704332737008,0.10030972851182729,239.87737166305806,10.15912335588233
170,KEN5,0.04614962981597364,0.00578602827956449,3.7843172172936224,0.2665792945724569,239.60082930845078,12.66009282867547
171,KEN6,0.12220148517716954,0.019764455506901993,5.688041224790906,0.4095269685862344,239.93010125278212,12.752205398264195
172,KEN7,0.0311950264963098,0.03566837696332413,26.929117004407395,6.877582751028665,239.4479001651914,49.13613523507008
173,KEN8,0.0712280585107187,0.012253121485127623,4.169073749184608,0.37655568260675404,239.92531077310147,16.376649443115987
174,KEN9,0.0327905740673354,0.03235423662164319,22.05644270944404,4.405968144925959,239.9219119096851,37.79129697862725
175,KEN10,0.06808449368467795,0.04086443277932799,12.10851209160165,2.176461649741188,239.7906616263374,35.04836069874418
176,KEN11,0.1742417109852332,0.02747339327341005,2.265509055895539,0.14271806119191993,239.92613940974442,11.84032317525467
177,KEN12,0.13257211050164644,0.022098269466283325,3.4384891580659858,0.2279260259190121,239.73881282332252,12.145385595077856
178,KEN13,0.8463692246666445,0.09399810295858305,1.845466289359618,0.13904392852938377,239.88861299022247,12.152737777712458
179,KEN14,0.08830805965443099,0.0648427725922469,10.888565888275966,1.7271303947043284,239.9124646853409,26.842056893996737
180,KEN15,0.1757003958474403,0.01227344023079887,5.830645893859967,0.32419851766073277,239.969891546453,9.237236602495036
181,KEN16,0.2860912895590945,0.021614731439598942,1.7549591548513295,0.07796025839489895,239.98052410909435,8.695523982158885
182,KEN17,0.3688300053855003,0.07241667603423327,3.1377805768801577,0.2205732713707153,239.9506514196336,12.368320909861236
183,KEN18,0.0459279874613621,0.015870347542852232,16.122046418488956,3.85796464620475,239.63965929946042,41.24266033280885
184,KEN19,0.09603621550878337,0.03237320176728244,7.203602291696148,0.9542721768985736,239.95541063376172,21.820430629445035
185,KEN20,0.061143791774253914,0.041044805664943534,5.269455075543239,0.6367879444077733,239.88145801235632,23.305714429866054
186,KEN21,0.030872646206085704,0.013219167946311476,18.35571478318551,1.8686440153398267,239.9929677389373,19.613266094017042
187,KEN22,0.30414042849528355,0.08761292299459636,2.680104450748436,0.2810399524617224,239.8224440539345,18.580448884284188
188,KEN23,0.09094639291743241,0.01731719824398946,6.6953207034559545,0.7821560293953,239.79843384503906,21.609247821623246
189,KEN24,0.016741618490682227,0.016382151011448718,23.10605526377668,4.623162461506618,238.706861120494,37.71867939602411
190,KEN25,0.016083831678105752,0.010868475363537826,25.463277116435865,8.624814199904964,239.82666926663597,63.54463194379319
191,KEN26,0.12387131276497229,0.059857728763993936,6.758640013696543,0.7924902151093893,239.70069151411934,19.973710659052387
192,KEN27,0.0744002948686642,0.010027643462378808,3.8083907078618267,0.2877881870637787,239.92855840822057,13.468341109317455
193,KEN28,8.028321040038973,0.22830075596662439,2.4191038267165195,0.05183977221226949,239.97710574596908,3.921898902809868
194,KEN29,0.25169196682268974,0.030938786560820036,2.753328561862064,0.1992828301572985,239.9579921985868,12.043848452813922
195,KEN30,11.134573298070208,0.4099116174537931,1.176178493184057,0.045079365231792054,239.91182851410827,6.38967766916462
196,KEN31,0.33935764975021454,0.12921227850022857,3.6315223803146117,0.4105233628733502,239.71170379812023,20.659957030061136
197,KEN32,0.09295272257314105,0.010838605913830516,3.7586254001686448,0.2775191468171594,239.702357972417,12.727851850576364
198,KEN33,0.03504400571891289,0.02470223631191879,7.452964055907347,1.2370459967945409,239.39009939950031,31.794648742394937
199,KEN34,0.20041229577418176,0.008079570740854868,1.4388645152279484,0.05536577466216687,239.9835643609861,7.183266746588193
200,KEN35,0.10439281205900994,0.01666948662465539,2.6118896800820868,0.20356967602938175,239.92797731056518,13.689277624888936
201,KEN36,0.21425669046464565,0.046355716846031764,4.934753834921254,0.39258964795605,239.97154279336462,13.834441411809825
202,KEN37,0.021960143133715457,0.01789554960602545,10.85607050775088,1.9729180347580653,239.69734855474331,34.37774416202711
203,KEN38,0.07885591642871474,0.011392437826649024,3.33227156206911,0.28582418763860074,239.9186975497873,14.162502067520052
204,KEN39,0.05758920717042136,0.018498518091522104,9.294295225935993,1.5255636395500272,239.94133652378446,31.1321972137632
205,KEN40,0.032022059939111655,0.018775483377768923,35.51744847198102,8.528202410534673,239.85657820854155,46.59487798817631
206,KEN41,0.07708734317475265,0.008153489231186386,5.49660870758284,0.3665595336653969,239.9039420701553,12.142645457254906
207,KEN42,0.10087614172590507,0.015165768968854113,4.445364389670399,0.296310740189907,239.9166141142695,11.896884774696787
208,KEN43,0.021272072681692657,0.03823916670355993,21.166772651291904,6.589220658620999,239.01150884141092,58.578716353713226
209,KEN44,0.1982584604053002,0.05403254529029278,2.392667316755385,0.18690868592170456,239.78598330324647,14.014144966532303
210,KEN45,0.2597322702536667,0.008076279843159614,1.5732689742048676,0.044933481769147396,239.98451013773052,5.665705596890746
211,KEN46,0.02142688503809346,0.017982230732138706,5.365299768770558,1.6303722748632046,239.29496573927813,55.3478085742886
212,KEN47,0.02788133958579948,0.01721471906585502,6.1671253735309675,0.7503225224214999,239.44902715276976,23.275547815720643
213,MDG1,0.16322710071930835,0.15174663511402314,13.292652262728158,3.934383383059521,239.90559467793838,53.03823796806611
214,MDG2,0.047333846781132546,0.06101358029424726,17.306374221091307,4.225276946024653,239.9736569509159,45.17587995230035
215,MDG3,0.04299351976372693,0.05615423406462289,17.37748944773464,6.582815201410255,239.96618711607263,68.10716764006591
216,MDG4,0.09581501528002698,0.3476659774984684,18.783558508141986,8.08188299072259,239.96635103377167,80.39671809531119
217,MDG5,0.041664504487055415,0.08521983356658916,18.629091402185235,5.600046243000205,239.96810971623145,57.40503962612521
218,MDG6,0.04952162915992083,0.06817812100888976,17.985242133168224,8.280300278147482,239.95541476818474,84.39903711157642
219,MWI1,0.1052234847706669,0.02694498605190216,3.3449701981497224,0.3423318528870086,239.60386809174153,20.15944646631014
220,MWI2,0.9079858250301647,0.21354074966586017,2.480489509470058,0.2552827753105741,239.55210086232304,19.67773885590953
221,MWI3,0.19172692031112168,0.08459845307566194,4.6877503936362475,0.7703004934980492,239.48988643059977,30.444899970644855
222,MWI4,0.11370558134257423,0.010200733854854165,2.0252553379566205,0.12764923293721994,239.91104318846078,12.084743661334304
223,MWI5,0.08836248869819387,0.03484635529673255,4.072847913610108,0.6405144487366751,239.1523101707076,27.5375026778247
224,MWI6,0.1305081720799746,0.023070551129656183,6.080771400315402,1.0453481257615682,239.6601728804812,31.027464993826094
225,MWI7,0.13106286264275144,0.0202539094690136,4.247295981881047,0.5347409166665696,239.4371367327544,24.04533083603461
226,MWI8,0.07154517919948926,0.033293776357888806,8.511730736983766,1.4844264538610346,239.65976856457303,33.14353240733219
227,MWI9,0.11991200585236772,0.044356702805715006,5.644947350628096,1.1872256598557607,238.0493418314582,38.5427902032674
228,MWI10,0.008190944430957251,2.6321058872589977e-05,1.8964122058000676,0.03091901712923584,239.99920236463484,1.8164156589730558
229,MWI11,0.8042316193167589,0.2298040266380661,4.471582993089832,0.8352444035710774,239.13564482824395,34.20837317493495
230,MWI12,0.11506957367149981,0.03395827599834019,6.128591742298717,0.8399817207844792,239.44583246531502,27.101838283160095
231,MWI13,0.11187298344197535,0.04418807196226777,6.155887916610681,1.3161555616587093,239.26610672734589,41.012649396180386
232,MWI14,0.15273927025034287,0.026306002541023967,3.213091624826567,0.41042981842594867,239.30763681953448,24.34900096604582
233,MWI15,0.14839672873177406,0.043444514519750274,3.139298878708692,0.3305806530501309,239.77114185658127,19.555706540835665
234,MWI16,0.12202816941318784,0.013656721049760292,2.5143350946502965,0.1596734968361,239.81260146003825,11.950035982983758
235,MWI17,0.14920874525714767,0.06786760028312953,3.9692109907981172,0.9639801765998226,237.1262239951631,43.49861290264572
236,MWI18,0.14867477526959197,0.09395896235303038,2.4273950273082407,0.2188493118587303,239.66995001916695,17.349934258393148
237,MWI19,0.08882820218478547,0.04631387935755432,12.877727595832397,2.7890028331431957,239.37377321346784,40.87596887135535
238,MWI20,0.09826478417515067,0.028019033452414382,11.535194261586259,2.2705230138021215,239.63056365023326,38.16082408039899
239,MWI21,0.1474496264732549,0.016451542687510836,6.0363870600788925,0.6491155492726961,239.6605587948431,19.25489979138797
240,MWI22,0.07786246004476238,0.01813369339643606,3.8935034158652977,0.512055233631479,239.75963650000057,24.834861360049935
241,MWI23,0.09954356628041716,0.008773206872915617,5.967875779767259,0.5737500524142694,239.51445293535707,18.039368089058435
242,MWI24,0.0971714406799863,0.008067358942451726,1.8570189867781512,0.17563032082487987,239.88706599859847,16.646466901381366
243,MWI25,0.11629575642824458,0.03927541534696989,7.4336485629872415,1.2926826142709977,239.4417728007394,32.511188195359686
244,MWI26,0.18880953552168372,0.02385447228579351,6.100530377945521,0.86074334303188,239.6291497984721,24.288051995969386
245,MWI27,0.12171310617704269,0.020558097976613867,2.5105048102216436,0.23326684285360327,239.6577397513631,17.872478846310827
246,MWI28,0.1945002367121179,0.04331529250246012,3.7817370486886883,0.5150346557796822,239.73018751537947,24.2351417962497
247,ZWE1,2.1203898908468504,0.09494572450497255,1.0739692470489057,0.04184350261449105,239.94499424626008,6.534303687290026
248,ZWE2,4.666845611746841,0.24742085449626722,0.6717633029876856,0.03387450610688286,239.81138169110892,9.070015146704174
249,ZWE3,0.21010705926943607,0.23848229042767666,3.9447147034576586,1.2137738653252037,239.92051272966592,55.82489361045261
250,ZWE4,0.1702026611857685,0.09265522944195072,3.698390812023656,1.0557940790860596,239.95128039651104,49.80671594489092
251,ZWE5,0.19548862717449125,0.08468304306666158,3.4410473164441506,1.0179344404423334,239.9069192204083,53.010678001207125
252,ZWE6,0.20364329636172435,0.1789593775092475,5.239407040987611,2.0998094409326513,239.84206010694987,69.22314751409252
253,ZWE7,0.12641973281500668,0.052787609991350785,7.822177557389492,3.317202189124097,239.97074529481736,69.26457908478329
254,ZWE8,0.13865745596690748,0.0951386473235318,10.413637181548081,4.666340561908699,239.94519560111615,78.42878000036515
255,ZWE9,0.11905487944649665,0.08308239890893664,9.206451763801411,3.506749352296538,239.96873221276434,68.39775347396126
256,ZWE10,0.16482795232979316,0.11868004520272162,6.2658636538890855,2.325839991484698,239.93938332772623,64.99248371044345
257,ZMB1,0.2110456058345104,0.16543523562494325,12.64908000395483,4.338520375045125,239.9688605220806,60.67873529970846
258,ZMB2,0.6278962758075924,0.259505995993659,12.462496025667658,2.6363252203662624,239.88814599045062,35.736241441054254
259,ZMB3,0.18370445281586947,0.09958200768966936,11.284933712113784,3.1638511377595546,239.98112522619803,45.06516423976362
260,ZMB4,0.14191273945420757,0.08739267414290484,14.632368272799395,3.5248726327907343,239.9861694472257,44.369380882208524
261,ZMB5,0.942731711110458,0.3545514625694778,11.548405977362147,1.8388972574381768,239.9350122242952,30.212057916777205
262,ZMB6,0.12256698173386783,0.10154537340913437,14.80434436757776,4.676563291727442,239.99340651957596,57.76847751444504
263,ZMB7,0.23450018881960402,0.22786208425030713,16.025234938615284,6.4168640661917085,239.96624522088416,68.59713091484366
264,ZMB8,0.10533095731034428,0.1265377983089136,11.417789742820416,3.4495750835836048,239.98921342012505,55.5999894368189
265,ZMB9,0.2078118729871899,0.15772082233716103,17.864297612109198,5.909991135518891,239.95294761580234,58.362981046608795
266,ZMB10,0.1256839553163814,0.0810842175567525,26.308907450114674,9.948982512822287,239.95411364148532,69.72738449190533
267,ZAF1,0.18437700692387823,0.27634544819311524,3.332005769437778,0.7933436054578433,239.92858475368033,41.03310016605518
268,ZAF2,0.22871182580354404,0.30482567413702916,2.672240590314288,0.5295829805603,239.93889660403562,35.47668108500295
269,ZAF3,6.065633061154637,0.7018663432884897,1.5087415749753557,0.11649706887291035,239.79361986062125,13.246452579057545
270,ZAF4,0.5470024529250574,0.34810477580754495,3.5863096115255857,0.6111920973128514,239.86199588433587,30.17149808333646
271,ZAF5,0.4175716517106928,0.2566898320258616,4.563893341158555,0.8922712203699101,239.87158414509383,34.223254057592314
272,ZAF6,0.6249247572724814,0.8061617131895517,3.3504660633471834,0.5459767262910292,239.90313842857987,27.038281000325007
273,ZAF7,0.400558320548195,0.28861148506222994,4.6961581461358355,0.9934075298762419,239.91172403626337,31.618918287235285
274,ZAF8,0.06772565172810965,0.28070726073094887,9.87112291490365,3.557511402444543,239.95670681589365,59.05024956781569
275,ZAF9,0.44803291466193446,0.5661183326443093,5.714975945227651,1.234340350461694,239.91218266661974,36.223701672791144
276,UGA1,0.21774850465441306,0.08711860080369999,5.221935530421795,0.6374806936264832,239.99782067733383,21.510284115515287
277,UGA2,0.03914629128077765,0.04115747021005368,2.908092100195328,0.560069684211564,239.99107254543057,31.107599003353634
278,UGA3,0.09191048765646746,0.04431262608347868,2.5010151199640296,0.4037019374143067,239.97633828347566,28.790236502595064
279,UGA4,0.034048277551641574,0.003756434249682084,3.778079796325355,0.45318027446245596,239.98232807602864,15.568494018556484
280,UGA5,0.10635898294091942,0.037393336347619544,5.43973935858061,0.5357128417395133,239.99430798898018,17.68520175159488
281,UGA6,0.0654664443320575,0.05487388851264842,3.486596987835052,0.5213108385659088,239.98015140055531,25.33788793002315
282,UGA7,0.057241917628324035,0.01044296016237096,1.504520888347463,0.08501236737577375,239.9954003009133,10.525627182846575
283,UGA8,0.14556289922435986,0.09645096212946752,4.194157455202745,1.0643502877142712,239.98269972118527,41.646881662402386
284,UGA9,0.07641944417001613,0.03682300001611107,2.8764899908003887,0.36353421321909,239.9924047128057,23.320674012054884
285,UGA10,0.06121303844617013,0.06216159995912896,2.4698508243878243,0.26798170645940356,239.98308991121652,19.292872196592626
286,UGA11,0.3155715014462813,0.04034244616884821,1.199531668882479,0.06704533536339949,239.96821108245456,10.237773805412015
287,UGA12,0.043302769895814705,0.009802750410627777,1.0628940491712415,0.08984650122076604,239.9883580473569,16.132293740848088
288,UGA13,0.07770212381233434,0.0169356992095189,2.805575644883352,0.2711714188209144,239.99233335661575,16.576883135349483
289,UGA14,0.0294630478791655,0.005817375484617577,2.87818255100276,0.258448035881589,239.99907037048345,15.625878738442738
290,UGA15,0.03011418228419723,0.0021903866009149314,7.86603442932805,0.4382868726742946,239.9939245343535,8.646481744206568
291,UGA16,8.72394281658587,0.22455511833534564,0.30029391185393967,0.008026718222335315,239.89691372429638,5.212035011575501
292,UGA17,0.05294426385317272,0.03919639512076902,2.945951745409057,0.4081496249460698,239.98618993400862,25.34714865239856
293,UGA18,0.03266769924653334,0.006190019778115423,5.108518030900437,0.5152758006421657,239.99726472974302,18.934668867040873
294,UGA19,0.082197633258495,0.03228691083708584,2.550312363534454,0.19035096944245636,239.9913507675099,13.997826398893496
295,UGA20,0.023073423652510305,0.003803942267198107,4.453111917762357,0.41395038701819437,239.99764572811833,16.125774819455387
296,UGA21,0.06895584035958359,0.025691312321221856,6.144304478377034,0.7294551076152135,239.98120393999972,22.473826223992713
297,UGA22,0.04697502353474102,0.03336044410184063,3.618205461319795,0.5569143796061959,239.99823785757965,27.33842815018277
298,UGA23,0.08112423428255572,0.04833488934603016,3.2051087958655367,0.2655021129595464,239.9923412651733,16.000422090724502
299,UGA24,0.03677728095163837,0.012323844678255218,4.569852029636684,0.6010191521070711,239.9852240279935,25.146600249111717
300,UGA25,0.03631981751391187,0.0148869430916545,3.3319219799837065,0.45293767303895754,239.9941000323385,24.56446996508594
301,UGA26,0.04800707621989004,0.007939354216790298,4.697009370790872,0.2664957780802663,239.99133171626514,10.452061673416477
302,UGA27,0.14639022103668975,0.09416550073188128,4.363109458935299,0.9219838070116823,239.99392454772013,37.525483407398596
303,UGA28,0.06059676610848614,0.05990588208530862,7.337869532721718,1.7565551463863716,239.99654622178508,44.00886242290334
304,UGA29,0.02717908890689396,0.00824315242479267,3.417087904873187,0.41834755223927766,239.99567114487175,20.653695258751814
305,UGA30,0.04155612306466355,0.015265396363759065,4.588015487870193,0.5955046145010351,239.9957433705961,24.729288807831832
306,UGA31,0.019017487337044166,0.001856626201522618,12.511103397482133,1.244480838404779,239.99975183938278,21.604467395696016
307,UGA32,0.04059292561178206,0.0314285558414282,37.64277887584786,11.984119261206082,239.9965894233085,62.974855600083906
308,UGA33,0.044413861844092545,0.03960788664095949,3.4150575956487836,0.6297441966087473,239.97770541109603,32.73743699628636
309,UGA34,0.052200150794425915,0.03714211921854209,3.7201558783593747,0.586488292200907,239.97501109417166,29.09339909732769
310,UGA35,0.11839699037802556,0.06885569073366883,4.117827618113763,0.5835462208690448,239.9601134621119,23.251919956008237
311,UGA36,0.08414290717254164,0.06794115257399336,4.505940527472105,0.8553709748864224,239.9916830567926,35.80942040344264
312,UGA37,0.07211895547405588,0.012297845478902137,2.793069788131535,0.29085793339667493,239.97494632916644,13.000469401180915
313,UGA38,0.11262621596227193,0.017671471878454043,4.449981350373838,0.3423648341166428,239.97845205268482,14.358634355996214
314,UGA39,0.06289018676499797,0.060029578620435876,2.5685809897123133,0.5581591031970315,239.9579564367866,38.33615741617376
315,UGA40,0.017744333699463523,0.014049669693504416,7.863417418767496,1.4050805426256803,239.9980516559848,35.45891631363095
316,UGA41,0.33133779419683124,0.23723477824608297,2.776269550570086,0.23507538152902135,239.9968007719992,16.712112276436823
317,UGA42,0.09336649302589142,0.08108115826603804,3.3500576122439685,0.39272594974378144,239.9723524454936,22.214442090408255
318,UGA43,0.07417334705748801,0.07260713242730674,3.2511512226754284,0.5511755031433753,239.9763968353564,30.33434695193325
319,UGA44,0.2399587029782352,0.10139510192151509,3.4229228602964437,0.5814459481235579,239.90789153003334,22.578300112054983
320,UGA45,0.02140390451808989,0.016134297266238093,10.413079156772842,1.4934967042216978,239.99766358932789,29.407196115742853
321,UGA46,0.034478197073416345,0.009638161097403723,3.841613705171416,0.4444684200705429,239.9935412777503,22.914960409960894
322,UGA47,0.08818047087369496,0.038267215056670564,2.7792219776917952,0.3318096341006035,239.99219849906947,20.83613700466842
323,UGA48,0.05182625826533558,0.013391702691493585,1.8690100494869961,0.1709059079216137,239.9866970280418,17.530357481782172
324,UGA49,0.15595916464214557,0.1132193548995131,3.201854842060039,0.5878424663829653,239.99422447163,31.89858362537866
325,UGA50,0.048742422643408743,0.057034590964669216,1.9656498261448216,0.21133090435207957,239.99425014022387,17.31073695364326
326,UGA51,0.058784980865335464,0.04582142721692359,2.9877254974252376,0.47219746747496716,239.981421201588,25.120639666718336
327,UGA52,0.051553479757125806,0.012838043927187587,2.8395823068374026,0.2681349015437547,239.99462231313746,15.225288940753583
328,UGA53,0.037642173602001186,0.011496299389198683,2.683953146068755,0.269546463260686,239.993943813182,18.644341694894532
329,UGA54,0.039886362782970995,0.004036566122925749,4.486679209763131,0.3387583718651162,239.99530470473638,12.851328431920384
330,UGA55,0.03602594011500923,0.01571911186428457,2.3743122447877694,0.29181060121012253,239.97635150265987,22.47665714356381
331,UGA56,0.05639640456569156,0.011905568111650335,3.5341305711380877,0.3217015509045386,239.99087058924948,16.663243036312732
332,UGA57,0.8928684628429452,0.14602540260214633,2.627758536444265,0.29431128968711473,239.7846160258532,17.002606121024627
333,UGA58,0.09082980264920716,0.03872305840741017,3.5486620200592087,0.38614659283086994,239.9980350326635,18.6735056492548
334,TZA1,0.0445485110424679,0.04119210723501392,11.00274156899993,2.36033088003288,239.9823359050039,38.08236864549369
335,TZA2,3.7679535995306046,0.2288449929451819,1.166383877997712,0.050923345048727094,239.91357135580068,8.019171132697496
336,TZA3,0.03935521523965092,0.04883495899606171,7.134189471843524,1.5565183157682947,239.96654218002578,39.98262968224859
337,TZA4,0.05082852511501025,0.053950542149180644,11.411743260086935,2.1970141341411313,239.9891339256384,27.606638985682345
338,TZA5,0.08628679321557725,0.06686849416867693,19.205188069511845,4.384526958896221,239.9830013494349,37.46427234002105
339,TZA6,0.06264338303251855,0.03789284129370888,14.816111995728571,3.8948896709724607,239.9660917517006,37.376451714841004
340,TZA7,0.08544788847548872,0.06898227750366899,16.723557446846648,3.8286472581296582,239.99323831318318,43.20576396979659
341,TZA8,0.06458102054715367,0.0512713540397496,15.43553660621684,3.800338692199671,239.9357958856782,41.08385624205399
342,TZA9,0.09089638820112363,0.024456380882176793,7.003615582460017,0.8993228262932194,239.98561837964385,22.643217807919314
343,TZA10,0.06559628176626152,0.05830138498199818,22.973873308813396,6.93088772267956,239.98383793158513,49.64546038552853
344,TZA11,0.03513160116586017,0.019957141354864063,11.786719769720976,2.7273425088724537,239.98877282407818,42.1144912662017
345,TZA12,0.08639779089060828,0.08121282575993202,16.203945820951397,3.9669607487908225,239.98994856799823,34.240010124675294
346,TZA13,0.07817583932793179,0.07817856088465439,19.865500042783527,5.772451907704104,239.94935790456188,48.30653948515784
347,TZA14,0.0665207104326932,0.06953841768558042,17.469451182738133,5.18731061066961,239.9546746363766,51.334143238675246
348,TZA15,0.11567681314677103,0.058297941491028835,2.185745914710663,0.3632399212601338,239.96921809739163,26.566044034396004
349,TZA16,0.07267561192785699,0.03807413888485239,12.330144007795585,2.41944027300719,239.9798564094829,31.596116171772962
350,TZA17,0.0847649010074924,0.06764246786747448,4.899779890279753,0.8081108203408531,239.987221464547,28.852251893506878
351,TZA18,0.052455610695086696,0.0022709260351551457,2.3049288394850587,0.06106200872199499,239.99690049444487,4.689510489473887
352,TZA19,0.08011004278349185,0.0033906270403844057,2.331954870466292,0.05511085947831725,239.99700468516255,4.403912458082411
353,TZA20,0.05435115627229931,0.03289008690746222,9.209102330020173,1.8584664471214525,239.9655400913137,35.43449156385817
354,TZA21,0.06288716347784022,0.0688888799690581,11.004898413393672,2.0453810676040365,239.98870262585814,33.00470872445673
355,TZA22,0.05678967423870408,0.04895787634074914,10.759379126559164,3.1323802373903233,239.97666028538546,48.98906721063363
356,TZA23,0.0703664304548732,0.051528470233361295,4.413136241646712,0.6232794265880116,239.987475600977,25.22491535036132
357,TZA24,0.054561895630394305,0.03946200993056167,11.822667387206032,2.1356029135373213,239.99293136306844,31.056034610093597
358,TZA25,0.04493532158570837,0.03634872178320649,19.046306989762346,5.115748237028548,239.9926788843264,42.95277144868582
359,TZA26,0.03985786298507927,0.04273533117963202,10.926206020076004,3.402491168434127,239.98339685938376,53.02576480816475
360,TZA27,0.05502629254202993,0.03254368440682617,6.3060986031412485,1.1640743101855415,239.95099609165774,32.85726725748166
361,TZA28,0.17792507985591433,0.011998195478311048,1.9553121511770724,0.04604896383109118,239.99603775871108,4.322270840420146
362,TZA29,0.09919535090037773,0.006229432829292427,2.1492521423230895,0.06485597549035578,239.99804188137998,5.943413817033251
363,TZA30,1.3862939288473066,0.0323517308093253,1.237106318743152,0.024699731081860993,239.98924594421524,3.11016493802849
364,TUN1,5.585544221183394,0.5624160007408151,1.4370139093307348,0.0825987790110292,239.94042532255543,10.30011003192631
365,TUN2,0.4879738563272978,0.2768294991495881,2.472865037568164,0.35935713147090265,239.96662832077922,26.004279804302886
366,TUN3,7.476565282406407,0.7813758276779575,1.442768821708626,0.09864552301203254,239.90825253597356,11.59413037469248
367,TUN4,0.9113956389394322,0.47142145739526264,2.123438743670569,0.40551013517551754,239.9269867263576,25.60515225192996
368,TUN5,0.4840082701129418,0.44636828357503794,5.493858868217949,1.1464005676635258,239.90356504409252,37.02889821569382
369,TUN6,0.37534987504500983,0.31044903633357285,3.6750654630690076,0.7684120245034749,239.9333849678193,36.976780092105216
370,TUN7,0.553678110817452,0.2577224125751854,2.330789031213529,0.29781751427458647,239.95673545806886,24.26926179647168
371,TUN8,0.5196542965944368,0.48136129742200184,2.0033811753472275,0.3815021696862786,239.95005757180004,35.28920659931837
372,TUN9,0.414655020741291,0.35277693364411655,3.3378996241962335,0.6770888335283959,239.96703917278063,38.742113602580204
373,TUN10,0.19617723984640367,0.3430569490130491,20.072045996830404,7.195124292405023,239.91751349328456,61.685938328570955
374,TUN11,0.41689107931898917,0.2722637386187598,2.2888741502583447,0.3958151481373201,239.97050365472805,30.93375829603815
375,TUN12,0.5282639270545432,0.5119192937764168,4.31595206347094,0.9715061460572588,239.83049422743684,39.63478302519755
376,TUN13,0.9534922527756954,0.33363897710728924,3.039486001304745,0.4145557763712096,239.9312657908409,23.601255345901645
377,TUN14,1.46129582104981,0.21274754292627357,1.6879348014180642,0.1282990226315365,239.96901308083295,14.022993444558042
378,TUN15,4.862877979178825,0.6621844473732682,1.0948867504813935,0.10030656509536383,239.8949878589721,13.75503342042497
379,TUN16,2.2562304710025045,0.7005479792497679,1.7837258972882888,0.22954746627104078,239.87342182849906,23.46530563028535
380,TUN17,1.1331040598552573,0.8739070425338277,2.6355968564352485,0.5198571191527448,239.82357945662034,36.65116350130181
381,TUN18,0.42184321988229034,0.3892221088111088,1.870975353854198,0.3827773478990937,239.96342955480594,37.05817931618565
382,TUN19,0.3101187678868847,0.23236615740743607,1.9210296317305997,0.30334442244868376,239.97616901588853,29.901081676464358
383,TUN20,2.4417176179084463,0.8036149714538301,2.1155548215178293,0.2801799222862867,239.87844529217682,22.634020731129247
384,TUN21,0.2547481663654624,1.5723543338979011,18.777163527828304,9.287070833991205,239.96649663930245,79.82648166060234
385,TUN22,0.3178070612725796,0.30092790796617025,9.518499485964256,1.6694927125917662,239.95039801591588,33.69273496557898
386,TUN23,35.27116343798338,1.3910504029455981,0.5177825177855576,0.023409571785319855,239.8724282689709,7.2465667667532285
387,TUN24,0.6147943197837517,0.27262841339784377,1.8783037845988628,0.22699973090351772,239.96840289520776,23.43328967203647
388,TGO1,0.09013321870725971,0.13106159176665752,6.8620362835943345,2.7314313906236887,239.85361196796464,75.31201324149968
389,TGO2,0.14185364437527706,0.1662874765574832,3.897103624492508,1.4887045074599665,239.83451181162695,70.91015928142023
390,TGO3,0.5573065772261335,0.6456991333253534,2.9991081976969376,0.9139538039548721,239.0148008070886,53.304370259503116
391,TGO4,0.06295534505523441,0.10282655025908474,5.672860575636117,2.6560555724766783,239.57386923468087,84.211531430311
392,TGO5,0.11365081052835581,0.10754972783997205,4.72714368817789,1.6828647468547218,239.91250104734678,62.5393787012878
393,TCD1,0.02074207939064339,0.016361976685763426,44.207231956488414,9.190917530552634,239.99924530872195,39.605746329990325
394,TCD2,0.04138428593366459,0.0881882071425396,51.40256075636179,13.141558446992116,239.99848563531773,49.68585557672369
395,TCD3,0.018564339306887844,0.00675744287812543,286.8665348638097,110.07689627498848,239.99903237056085,80.70820578685543
396,TCD4,0.2747932549164068,1.5380722741293007,23.668509960230665,4.41120095384994,239.99069600500312,35.673276883383316
397,TCD5,0.015293127394314748,0.005137392928282589,206.1768893267694,46.65745384982767,239.99862279362387,46.529675267813204
398,TCD6,0.017703946113348273,0.00418920350813549,277.03235742107984,70.84739670360267,239.99921326718118,55.33870966257852
399,TCD7,0.12040211529275707,0.08191856311905808,19.878657560695228,4.1942409505858755,239.99830989010806,40.94507131358324
400,TCD8,0.0256554005036348,0.03363825232608608,12.225467169999941,1.9053861670234007,239.99356656136996,29.177512501621642
401,TCD9,0.023142121321875774,0.00499544792293102,113.38959243562947,23.781195778267406,239.99818410206336,43.345678060969156
402,TCD10,0.04296911544727427,0.030242698840986716,15.645105105091911,1.8844531576041263,239.99740860251399,23.681614544109166
403,TCD11,0.07906097535041466,0.02079014087161851,10.842439996599591,0.9644218806017253,239.9879501770657,15.691592891423792
404,TCD12,0.22289609612453767,0.5650322488725691,6.67384512765766,0.9067813036145839,239.986539239336,25.62356440619006
405,TCD13,0.0467295498443055,0.01201295256975794,5.52940162852838,0.6849224802112833,239.99323935118827,22.035739513430148
406,TCD14,0.10300244125295685,0.03323536901563668,12.48726825217533,1.4309413953219894,239.99796459193556,22.419931095625003
407,TCD15,0.07909393147597149,0.017343173415349664,14.192346709466342,1.332461865500527,239.9983061490825,18.519797081793246
408,TCD16,0.12902211783015685,0.1130510423274174,12.683465466939102,2.378719253627085,239.9941179765458,33.80764448278789
409,TCD17,0.020941816610711993,0.007926799480977461,21.085302769217016,3.1115414191797406,239.99442270110956,28.92272348311211
410,TCD18,0.22369249503159377,0.1654648650240167,46.35007679143659,9.836884499875291,239.9977316360222,43.082251497907684
411,TCD19,0.3342509365667617,0.11001250663938804,60.531409837901194,8.94368732288293,239.99617343361473,31.5499860686464
412,TCD20,0.08954447394848969,0.04952786377315128,16.520162666592327,1.9823764569458733,239.98325095222336,22.115352202940514
413,TCD21,0.03082895737829207,0.007262334210582454,287.02377048972994,74.2618135681921,239.99926701344313,59.19083233962569
414,TCD22,3.8508658219847343,0.11297399386586449,2.177844893212059,0.04254511964743249,239.98596322808993,3.319402583401463
415,TCD23,0.00979838373975387,0.006702405052420544,44.217609447611935,8.104515970646963,239.9954878738109,38.887519733092475
416,SWZ1,0.4670152961291292,0.7396860805981956,2.015206097878953,0.9857858587113753,239.3355124326998,86.13308261163061
417,SWZ2,0.26880038532829437,1.4884526360050658,2.813272041141081,1.6196032626586396,239.02221891418114,103.44159146936265
418,SWZ3,0.4903344724987681,0.8448719148081992,3.767924693209591,1.9820459879821903,239.1409074968828,90.66684301920823
419,SWZ4,0.13071068760149213,0.18674665089690984,2.7832257357559858,1.4469781447386691,239.44496817747037,87.42684098449102
420,STP1,0.0954258764210387,0.017949116496616298,3.0427439526580877,0.34397297909792496,239.97031487324946,19.73500133468685
421,STP2,0.37449725874675954,0.2755097052425552,3.6099732496469645,0.9207503679701129,239.5188279325275,47.28260926704126
422,SSD1,0.19902717871020642,0.2678856979723942,9.267982878679202,2.2991768304046802,239.98299302696122,44.97366981975959
423,SSD2,0.19631196286992159,0.27537423281362927,19.447446550383496,6.177205235128663,239.99701022501017,53.65969035188024
424,SSD3,0.3318460351222,0.6118773423626824,22.514816945590272,8.522191994739163,239.9920407400564,72.78593778399188
425,SSD4,0.26811149675100937,0.22364125677486324,21.76874467601499,5.664857256222571,239.99764622992072,44.71789286029745
426,SSD5,0.288149789982211,0.13389370302591044,16.044158432135426,3.508068603303073,239.995686964882,38.980247572758046
427,SSD6,0.36583940532336595,0.14801453301473488,13.887355054784491,3.1131329806374453,239.99791867905913,41.449046010942865
428,SSD7,0.4086363368800507,0.31295781394580363,19.703204287524173,5.900069682127204,239.98408083567514,59.27444751461176
429,SSD8,0.22881083907180227,0.12603285809372183,15.05037647958022,3.8089904435405337,239.9950951918435,42.986178455880086
430,SSD9,0.33326406445722845,0.28845037966599524,53.83866987055658,17.771313071641174,239.9929220755499,62.01257313823644
431,SSD10,0.2220470022758522,0.26349180882327916,23.613666127040094,8.836057741267572,239.9942134359432,59.65765428046591
432,SOM1,0.017922371073400018,0.007332935124805,27.385506250052824,3.486433264366323,239.98898758691575,23.10281551301289
433,SOM2,0.007714185138674375,0.0006712755950186793,11.490161691454974,1.8473350128329886,239.99943668285368,28.85043720049392
434,SOM3,1.0553438980454715,0.029266813482966832,1.5527429269845263,0.022893316232635928,239.99177138605168,2.632180114361774
435,SOM4,0.015343393359579904,0.026084501269614133,21.60346912707105,5.572649584255529,239.92265946386502,46.77735738425593
436,SOM5,0.014121873835501068,0.00419463079575395,15.325474980121669,3.1828949353335854,239.9941248086995,37.54883786543465
437,SOM6,0.014820180224815963,0.003730628292103057,24.546878953669363,5.409416491248898,239.846198594229,39.635901975514294
438,SOM7,0.010284336552034756,0.0035770662998889187,11.61619013425348,2.3605348962264756,239.9831932259308,38.004332139326436
439,SOM8,0.01331695044127724,0.0033487801793080753,15.784747979361404,2.859372138286397,239.9894513828385,33.20052378308199
440,SOM9,0.01592053675184152,0.0018637652768700504,18.812294463914476,2.572216418471416,239.9742484648591,24.73230107998702
441,SOM10,0.019237453102033408,0.006105364824762303,13.45722595235472,2.832882307544632,239.99308705519735,39.0686199706678
442,SOM11,0.017017045861763683,0.0073530292305666115,25.39649498616943,6.056855170757114,239.9266661410914,43.210824263208565
443,SOM12,0.01571924142267724,0.012945064756076445,13.37923610331721,2.125378033341663,239.99490638626136,29.97132011887099
444,SOM13,0.009724654640824454,0.0027135704303889708,15.432676010787342,3.599910266407951,239.98271747480493,41.751249960864705
445,SOM14,0.025370502745603832,0.0036802399047793466,8.784234138551595,1.154723233718161,239.93547777737737,24.54552964596117
446,SOM15,0.02279766542708773,0.010729847183405274,13.272506726694829,2.095351182608792,239.97532204617232,28.842493494452135
447,SOM16,0.011356263345674123,0.005673840145134173,13.624502019851729,2.678461098609117,239.99543245838169,35.18065437689031
448,SOM17,0.01642558017479967,0.010038619394335962,12.80271915896513,2.234970098703694,239.99409641277555,33.0428677481244
449,SOM18,0.10633720374436807,0.04600984735765276,19.435333113172167,3.1821440349954444,239.99192555171507,30.22584479227564
450,SLE1,0.07191257122222197,0.11304674253053591,3.8022615299515743,1.948634820162918,239.15690277960928,82.74801527988261
451,SLE2,0.084418076979163,0.1726158664967532,5.741610820480924,3.979647795039818,238.82320504146858,111.59040231439486
452,SLE3,0.06117056843799039,0.06346925282304071,4.776382216094993,2.6009361931660857,238.9940988394441,91.42279266303171
453,SLE4,0.49078765680030945,0.10417982315246378,1.2342375650797746,0.13453811174546054,239.69260260080756,18.95088914768784
454,SDN1,0.26884663374608864,0.060024902671893435,9.83011255383421,1.178497097488211,239.93934140932112,22.437909113529376
455,SDN2,0.3691471988486084,0.037896720611351714,11.713903323288578,2.2234501792292027,239.98539152592056,36.16598170901534
456,SDN3,0.30539333720569845,0.05935456471039619,17.299568977336694,2.440193175700935,239.99426791556556,27.486372018541854
457,SDN4,0.2468730229191967,0.03348007795806765,49.255488013407486,6.8530053085977265,239.99693871411208,27.583342035874587
458,SDN5,0.24224861116131377,0.07946360140779375,49.522943181027024,7.718483341633537,239.99546443402545,33.43056604362756
459,SDN6,0.3482257070270393,0.037970242020042816,28.167300856390156,4.66373114013779,239.98501613682876,30.76817504391298
460,SDN7,1.4826076794390628,0.4515046752914356,15.337386695862769,1.7946129621400733,239.8924751328302,21.029588566683277
461,SDN8,0.023645360136093217,0.06027241593020935,208.0920531536071,83.99709325045372,239.98859125374784,76.97505620137295
462,SDN9,0.03539595803506177,0.07331502102518477,133.0489154539877,40.68385503886541,239.98320407153025,60.66532800403118
463,SDN10,0.019861401478168558,0.053929327665788285,138.91100695664528,63.15155507854941,239.97813644628292,82.50088332021278
464,SDN11,0.10746912757812875,0.11912100973271068,69.56269203387201,22.594459079757026,239.98719960587047,62.914744279714384
465,SDN12,0.05112963251279883,0.06656568532384187,38.07158743720654,9.892359324055871,239.97609724044898,50.694909653812616
466,SDN13,0.3561462056571743,0.056654915199239715,27.16627753247126,3.832096831270833,239.97932466764053,28.752903105644076
467,SDN14,0.1993120207653026,0.04824830878664327,61.92100759805336,12.490286198209107,239.98592709903602,39.623371312302716
468,SDN15,0.41207716994074783,0.12055833500425352,22.999850670971032,4.948217060334095,239.9916474581591,39.95718879900554
469,SDN16,0.16387683197434483,0.03526801420688666,39.902636673602544,4.302596840653789,239.9955173962266,21.660983235869313
470,SDN17,0.6757805891030908,1.2949464633869465,23.403363498229236,6.279264199834038,239.98890269377227,47.40631673811537
471,SDN18,0.3072317111398931,0.06258294696769826,24.67666036602983,3.7285124285272317,239.97682564390985,28.673399889997686
472,RWA1,0.07290406052292506,0.08214531174291,1.445394847004153,0.49561967196243484,239.49463190043045,62.210611878238424
473,RWA2,0.12289826322038447,0.19835900496665604,2.044551109431636,0.9790959058303336,239.5084028154023,81.28369333791672
474,RWA3,0.06944675326782507,0.11033904795303691,3.1568750747311354,2.080934919018596,238.37856899865545,97.4467650469146
475,RWA4,0.10072901801448203,0.1366827780316657,2.9283330070096687,1.5630539420394753,238.958648675909,80.75949806840588
476,RWA5,2.1985756049686227,0.6783920677366921,0.9546935975961236,0.1547287137424725,239.2535052721957,30.27139424450148
477,NGA1,0.38220866064111253,0.14372664834577764,1.0590186459088484,0.07936856673027101,239.91369817051705,13.83186120635094
478,NGA2,0.10240049315323081,0.04016829594964092,8.461616081628181,1.720095376146916,239.9311080897044,36.86611122754388
479,NGA3,1.4047409473756005,2.1406666290765153,2.003709047347107,0.21106200971987701,239.87215806455924,16.498119417587645
480,NGA4,0.36735750961586733,0.04262570740473742,4.9350473290907395,0.452924391553481,239.8440430118426,13.63915387147956
481,NGA5,0.06840191083384364,0.04774714446704564,4.976556920109715,1.2118520041472698,239.9352085049813,44.16338326877429
482,NGA6,2.863519381768834,2.7508840872194615,22.43335592373448,2.3300175453870176,239.95725362808057,19.847765030590583
483,NGA7,0.09669046906203647,0.04001026045503759,2.866088610938417,0.5528070764103008,239.92781585746133,35.356659345275546
484,NGA8,0.11738276274022379,0.14795631524781022,5.904802281421299,1.8023818454111944,239.89725194078284,52.8773597725612
485,NGA9,0.09766030704878122,0.04307582502154723,5.584591332075103,0.9773060038864714,239.9423702422979,29.157749123514634
486,NGA10,2.4724068954071647,3.666445182634978,10.258389068684933,1.4977852768286437,239.8460075371188,25.8495438688333
487,NGA11,0.09849573601281326,0.018632673394237673,4.407611146615124,0.38498357655685794,239.97351281678186,15.839971037232285
488,NGA12,0.506336184366355,1.490198130328062,8.55900104741131,1.3006042119885484,239.87140408029592,28.055356227250204
489,NGA13,0.08319538464065403,0.01313618485545387,2.302955352966727,0.1922705415417886,239.94226281787093,14.594889596936284
490,NGA14,0.2704666966206112,0.06755562984746566,5.577969528903957,0.5697098126125907,239.9054125692221,17.66308410606576
491,NGA15,1.0454407138245818,0.23382723545863807,2.358396889693608,0.21825501771566697,239.9235149635396,17.304783541334597
492,NGA16,0.1144321978345557,0.0655387242545621,4.656307243464304,0.6725234954884175,239.9594444840691,27.180475309784736
493,NGA17,1.1576486776975727,0.88159732570104,1.5014566662180857,0.14209340323743508,239.82181036431754,14.6574847452189
494,NGA18,0.10211316775707896,0.07815785184177149,4.297677229691414,0.7685991602436174,239.93185660221565,31.249385633384858
495,NGA19,0.18770824774341116,0.26933857602256245,4.427859741489933,1.1172726948565348,239.85113198237644,42.016907999227335
496,NGA20,0.3132747935839345,0.18717695632177722,1.4712739689662235,0.2559071497859703,239.8171401116078,28.597379380946748
497,NGA21,0.09620856303151239,0.06528927666993269,2.3327224508256226,0.4290766241633722,239.8579862891494,31.06623844004432
498,NGA22,0.06924115694094742,0.040821523766902595,5.152216245253635,1.057727876116101,239.9098761627926,38.05925642703639
499,NGA23,0.07284053708210862,0.04476179968013151,4.245133776926228,0.8167511419399192,239.90061224638103,34.02834451623843
500,NGA24,0.0767650828115196,0.04257595475346667,4.924651430691239,1.0701439684604914,239.92091318304284,37.61594092389739
501,NGA25,2.912966720178177,0.31481903781553533,2.6250844047585367,0.19404950926140777,239.772766767112,12.38366200105304
502,NGA26,0.10086538647971761,0.0478043729235887,3.9809365725213355,0.6962496222000389,239.93682267434448,32.51581365394731
503,NGA27,0.09791818510820545,0.07216007481760046,5.222042517248777,1.5518027453087513,239.87300077611914,52.634491114617376
504,NGA28,0.2999586658706048,0.10641248843041644,5.32377708665124,0.7622392867112907,239.82899193669036,25.46732976171394
505,NGA29,0.0691136548462845,0.022003260080854462,8.085977343364126,1.1164435967277724,239.91813000865395,24.21109162631736
506,NGA30,0.17063355581538592,0.03752314840719376,1.8634083432540065,0.21482367133009833,239.88200408239103,19.302995599917608
507,NGA31,0.09746825712616966,0.05634258042676451,6.3857734868355385,1.233448586459951,239.85857931865084,33.14220045796773
508,NGA32,0.1503574607191861,0.0671625959753424,5.6300385883970465,1.2384554238810088,239.93046418081622,33.29631842083599
509,NGA33,5.142093612801459,4.434618997847572,5.894738994206606,0.8052004001211531,239.8018561853771,18.555908153751506
510,NGA34,0.05859300493332258,0.04543940549263127,6.445438297525568,1.2909963077607893,239.9080575507645,35.89010665854376
511,NGA35,0.09301383755308239,0.047925601426947094,9.612477613266122,2.543683290651167,239.9626373850085,48.46270894527177
512,NGA36,0.026729233722711992,0.02363829091173885,10.566214076243039,2.496515411578288,239.9582252591078,42.72560192298846
513,NGA37,0.12961769743310597,0.0772094278779868,6.192465983194426,1.2771080861928532,239.9205066586058,37.327223010674516
514,NER1,0.03555355033404868,0.037854985057035107,112.71875785077009,68.14835432257296,239.99209442187276,108.53474995500318
515,NER2,0.04305116656341992,0.23509561033956847,69.52384905473154,22.5937688998848,239.994552436535,59.554029422389
516,NER3,0.019079779359297284,0.010452628102426939,6.664729733167974,1.0356435154892116,239.98454526577152,28.211281129718465
517,NER4,0.022869827981935768,0.023505292898643747,9.025830695839167,1.6355739621507162,239.9681232174549,31.54269310730455
518,NER5,3.9253169100942733,0.09010868107368351,1.8925862569808825,0.038901041498037164,239.98839139529505,3.203015087082789
519,NER6,0.025411903272931365,0.01422070542744076,59.51736928267103,17.78682746868457,239.97062719785143,51.265208075502905
520,NER7,0.022366694959085057,0.024721230390853596,9.547543819663945,2.6269189881236787,239.9863459810179,47.31168024725106
521,NER8,0.027301600882050327,0.04109924367312804,72.96648582998773,24.7246387536768,239.9606418754679,59.34347460408441
522,NAM1,0.029237482182315203,0.09464764821639227,11.860544623455715,5.905059309453174,239.98596659416845,68.749541738341
523,NAM2,0.1394800338160782,0.14361865310369737,7.331196874966431,1.8100618459532316,239.9889407639068,43.66051525167885
524,NAM3,0.04222332974154729,0.0364634533343437,11.077722426036207,4.635609934348784,239.98880544374254,57.07803932182169
525,NAM4,0.24882909811807377,0.06949846808708067,15.786090977143324,3.178658459695299,239.9105352758065,37.92312942916529
526,NAM5,1.2168901982016285,0.19811983791114243,4.729543036865121,0.8371658028427503,239.9842427012726,33.6762504381773
527,NAM6,0.039639146468702334,0.02636348562551714,14.905124957428853,5.298820497150619,239.99251198422013,57.43200283806901
528,NAM7,0.13417025443229122,0.027501683551033346,7.687838482499269,0.7252341113135585,239.99568407918855,17.877376794388315
529,NAM8,0.34780500802959596,0.05585328377521502,8.727132008708365,2.6512225384417216,239.99544208277683,50.06728272370172
530,NAM9,0.08702994278265563,0.028235934628398428,18.725071723678578,3.043463306739221,239.99543479008972,28.193346365187416
531,NAM10,0.4580404191228112,0.09994512007210836,20.577762790697875,1.7501663160681333,239.9934568713209,16.163073943345925
532,NAM11,0.23033038667019423,0.062162486930338136,14.571763503577742,2.702816609910683,239.99024300627585,33.896364094700374
533,NAM12,0.41255365218213647,0.08222474918111893,9.672355969649399,3.879983025703776,239.98888432133833,55.05112262729552
534,NAM13,0.25497474412557447,0.06841852773289096,7.467050985737697,0.8099460070150682,239.9964951456305,20.754506600096665
535,MUS1,,0.0,637.481814383831,3.4828340790833954,239.99998587384624,1.3111531395705096
536,MUS2,,0.0,1.2490424363959005,0.0292580010610443,239.99079450531926,4.281922462534298
537,MUS3,,0.0,0.6819684158385965,0.01590501108564721,239.9924237179292,4.5906960166385264
538,MUS4,,0.0,0.890664377324177,0.020569671957027684,239.99456941079782,4.27239944990402
539,MUS5,,0.0,0.7383205857852043,0.01551011057696122,239.99446594169666,4.088649459712526
540,MUS6,,0.0,0.4008499558124633,0.0069171224670374586,239.98945559601293,3.5900075258204707
541,MUS7,,0.0,0.82765460923179,0.018034632761757898,239.9811295802563,3.7573952305329943
542,MUS8,,0.0,1.060382250601488,0.008886394659594236,239.99441076619775,1.7039224521989356
543,MUS9,,0.0,1.2258412978733733,0.050178703892246636,239.99147143562752,3.319639221687862
544,MUS10,,0.0,0.5107032631615978,0.008440038138723125,239.99964209881108,2.8313549798846767
545,MUS11,,0.0,429.8067334903184,1.2353507110528084,240.0,0.6891330851113349
546,MUS12,,0.0,1.0671900115615363,0.023032161802980483,239.99622970311967,4.171593242288918
547,MRT1,0.061718146995242765,0.024146080440650662,175.67209620788194,72.04236630902115,239.99770652287646,79.47353741460984
548,MRT2,0.038354027899782046,0.018253727489083386,37.424284919383354,6.268352141132937,239.99620867754024,33.377483094385184
549,MRT3,0.040349001921778045,0.008791316966666537,27.385272667768312,4.585730293839203,239.99574549887333,32.144024886364036
550,MRT4,0.09516458903613961,0.07083858366734035,27.41109776740579,3.3230270233793227,239.99722295691984,23.70820671723398
551,MRT5,0.029848449622349008,0.004672595179374473,17.76141588976214,1.9120690909676152,239.99702304546233,20.77927896292584
552,MRT6,0.02896077495804704,0.004949187546064628,18.2483509921959,1.5931205992986728,239.99628440553363,18.29219465285779
553,MRT7,0.0595737502767571,0.020011699678911685,145.85693132702926,60.38512829047217,239.99642307683678,73.1089231821133
554,MRT8,0.0433223619464985,0.011785723571814306,43.76172908203787,8.735272572719985,239.9958652213647,39.34879284865616
555,MRT9,0.0653249304062857,0.04384892182374384,46.243879707331764,8.568064973972753,239.99837366753707,37.51657384085209
556,MRT10,1.8496227514215728,0.15702727145374765,4.125153922706404,0.1534785288219489,239.98407165839564,6.911672801825377
557,MRT11,0.061582842961919515,0.014502447931902095,131.14984833594107,34.449664962078856,239.99353685101616,53.64430079935345
558,MRT12,0.06864369099645527,0.052330385557973896,102.3910409070434,46.92438003431517,239.99818985862044,85.8988581659525
559,MRT13,0.05291815326408413,0.021301210218952506,43.20603416227798,11.325273759392593,239.99398970289434,45.909320447763385
560,MOZ1,0.11052408135616286,0.05448603109252977,10.825228335870674,2.9418872248903907,239.95985814860094,45.37932540437491
561,MOZ2,0.2257236984011701,0.04633737555383422,13.34083733341941,3.493246294292243,239.96995121358378,46.030770498797864
562,MOZ3,0.20339533761683642,0.06237268032979137,10.373603856143236,2.4535871210848628,239.9856073024324,43.92465836244493
563,MOZ4,0.12417320559885114,0.05312287234352414,10.658172882909723,2.3763072745174,239.98991303965232,41.46829240986067
564,MOZ5,8.608267632500871,0.2604904291560677,1.8090665719467909,0.04938800264113351,239.96181087364624,4.562124685652949
565,MOZ6,0.30437714039143354,0.10396074199891432,7.473295074310587,1.0131381855306905,239.97059385334347,25.864120511452906
566,MOZ7,0.155211015110054,0.12442109633650891,7.807890505780885,1.8899927217912482,239.9469662090301,45.715484939959815
567,MOZ8,0.1086393807314923,0.08862279587554342,15.968904696320319,4.898448476535066,239.9874839407885,57.681558341763036
568,MOZ9,0.332136285690973,0.1256793871049682,10.7286461532092,2.69440375969989,239.9843388887563,43.21616396220123
569,MOZ10,0.18408557807134762,0.1109687938766983,12.377622497321408,3.4329027311123435,239.9761013583964,51.67998966165752
570,MOZ11,0.09596624040528792,0.07838558649448489,10.483878121289774,2.9708461781820983,239.98650270947283,52.345253598073114
571,MLI1,11.433828204819298,0.1256320333335163,0.47866696250890517,0.00587139285075977,239.98621105631997,2.180703610545813
572,MLI2,0.029632335387863452,0.01511846729157786,47.65309685009461,16.169852497837734,239.99740891966965,57.413625431240455
573,MLI3,0.12331846421069599,0.1877480561420129,10.463158564333552,2.8837133467111067,239.97870400050516,47.93899391603257
574,MLI4,0.03424510767400078,0.008507130324119644,74.3162955905708,20.685385249407855,239.99942812758823,52.83123275199503
575,MLI5,0.09808385232701793,0.10108967524017606,10.429994490787543,2.8815041724716517,239.9623311175139,41.60810491164953
576,MLI6,0.03583996157250397,0.0884484209267723,16.550113833811974,3.5871800025470186,239.98874240975428,39.08886896435111
577,MLI7,0.03873308124867023,0.0354042246458636,9.39179599853808,1.928085265640651,239.97402375752242,34.42832623683695
578,MLI8,0.0581769613698791,0.04032449005073661,5.478791134740246,1.0805068600516932,239.97422073667425,36.85723199261885
579,MLI9,0.05423089514794346,0.02655621394625369,187.24934398469753,88.70808769085691,239.99561832331398,91.73233441937542
580,MAR1,0.8834919162243428,0.5060103541377472,1.8139331975547166,0.3026460875233378,239.93095035533202,30.01742787456474
581,MAR2,0.7034363437291588,0.4575669405302479,1.837126376953371,0.28612660884901336,239.9359223198634,27.96112297206714
582,MAR3,0.5322812146863062,0.5301504980716366,5.221495383764186,1.0001730326943254,239.95788535961634,32.467750115144874
583,MAR4,0.9366715444430206,0.4344461707883984,1.373747958912619,0.1641726957513037,239.93819754395037,22.108334889657414
584,MAR5,21.203564874052987,0.9530693924537174,0.5200389769702162,0.019146809210849467,239.91466285510248,6.971196234339624
585,MAR6,0.11628589501597138,0.18896374573342545,13.555028267731712,4.294400191123108,239.9680022844981,56.69573514900948
586,MAR7,0.13299205330600283,0.03934155965921248,9.831506315560013,0.8861130823626538,239.99966611928969,17.32276431550831
587,MAR8,0.5940653380652006,0.6778182059412597,3.2180987547061553,0.7588424146776261,239.84606765674621,41.362716051363776
588,MAR9,0.2517526971894122,0.4633960828505273,8.039826641805414,2.8137238428097473,239.88774668946618,55.710225480369346
589,MAR10,0.41502856934019017,0.8146514212204383,8.252904458646345,2.6520882293637107,239.90267982823386,55.95677760688671
590,MAR11,1.514905017622432,0.7508710244105834,2.265552437877563,0.29056803783104496,239.9476212099241,23.520151806939488
591,MAR12,0.2695657976644711,0.5761318524151892,6.682474984869695,2.540601361377608,239.75446621961459,60.18306957069455
592,MAR13,0.5347152797877474,0.3761584712726406,3.3703089576692284,0.5563534822246485,239.95189749300093,28.99897197632048
593,MAR14,1.6664471387107853,1.010642285423068,2.3819114061715423,0.32470051105000797,239.92294349560774,25.74182826255032
594,MAR15,0.4150274067724474,0.4057757080703884,2.7318963637884153,0.506077568881412,239.94835113589525,34.48960871407408
595,LSO1,0.16890709319887282,0.12700960393981042,2.8137278142130335,0.8171224839764022,239.7750626430447,44.675278971470995
596,LSO2,0.08015888777400475,0.08054689477455902,3.3437402700853305,0.740250398605847,239.94584326891118,42.42804927048455
597,LSO3,0.13542523372055143,0.10133372948177684,2.5851141072984194,0.7450713567085556,239.77675811398703,52.59080627928741
598,LSO4,0.0653440698434609,0.07063248177233847,2.4299296504064536,0.7936382213155448,239.82117434016442,51.06405923976153
599,LSO5,0.31032357304491875,0.3548431027337815,2.9463589929513003,0.9968124570057816,239.4874776559641,60.51560735770818
600,LSO6,0.04835189671411191,0.0660807521774336,3.434411284460379,1.1247745441284143,239.94216856646491,57.77933795958058
601,LSO7,0.04926878003589911,0.08419726214026217,5.098998048106027,1.7192962580305178,239.9605073913419,62.980408528586416
602,LSO8,0.030978981295344495,0.02646185488609803,3.4177696742376455,0.8565462682405388,239.98407886273105,46.26853456494407
603,LSO9,0.047738458361076194,0.06450617524461141,6.146864415192514,1.7336134875143145,239.9635899649309,53.83358295232633
604,LSO10,0.029912296906927496,0.03244775491947823,5.860716607642721,2.151329446367093,239.98125804029237,67.99032855975769
605,LBY1,0.11865617501365491,0.19432676400240084,70.19714463055863,16.64508659352244,239.99354722050424,44.71593749649152
606,LBY2,0.6427538208654617,0.2160740968682323,10.903989483728946,0.978102946682009,239.99311564599273,14.750159928051735
607,LBY3,0.16996606203751216,0.2450058009413674,22.59504457348817,5.472910901456356,239.98261198557188,45.487019446611036
608,LBY4,3.7340854909097345,0.2277832535883051,2.4128533028321097,0.08831243567260426,239.98074352836906,6.631127970633856
609,LBY5,0.06723118947164067,0.14999415937970043,65.74640333282879,18.197206848364495,239.99526846684935,50.98083569936645
610,LBY6,0.04067584218566406,0.1312245736910389,190.58876611960255,88.56777109029494,239.99315930224876,91.60927135691628
611,LBY7,0.22112248049679387,0.05790844259552596,11.663836408620094,1.0789502760078429,239.99838385450178,15.99803148642597
612,LBY8,1.9018900618577,0.3623042337636594,5.075373047177498,0.44333896234366665,239.97433078608222,14.489858479537574
613,LBY9,0.34642683286038145,4.699532969155397,64.55598296300025,24.70214396574878,239.9870788262456,66.35709074202613
614,LBY10,1.4375456877696786,0.9533060890607161,6.7297941159457535,0.46776462308743927,239.97508830690848,12.750745492372868
615,LBY11,3.2723432240440276,0.3737625951356934,4.514759021921815,0.2577400009436682,239.96570152892298,9.055938811479999
616,LBY12,1.4154303725849293,0.6906533186090119,8.87491710514953,1.031721707992441,239.97003204041042,19.69215562665732
617,LBY13,0.2084290174855312,0.1310827013439289,12.2602892286938,1.4892790062629555,239.99271487834255,21.64604403828003
618,LBY14,0.06983075898425271,0.07331220723265332,51.66380101309065,8.944823711019007,239.99789301482258,35.10048768069522
619,LBY15,0.613328106754934,0.5377872301003096,10.131585728559134,1.4347839546775953,239.9765619802228,26.614161634516215
620,LBY16,0.05528521405120242,0.10703375233373158,106.9015757830572,44.25909741571516,239.99235388476612,75.3355162561886
621,LBY17,0.18178119014731903,0.8882835123329489,28.825482511227303,6.2382633099511695,239.99312827167898,40.58206651966752
622,LBY18,0.26601863873412057,0.20872280824007294,21.95471777211941,2.475714055706683,239.99583099184193,20.371030229514314
623,LBY19,0.12290174944234933,0.1880355067414778,17.397450878417704,4.189421389395329,239.9892669295795,43.62491067885489
624,LBY20,10.934786707279416,0.6614759675348927,2.2218692373901785,0.10464068569759262,239.93449446969507,7.903636721276065
625,LBY21,0.12086464500432735,0.10193939815553364,23.737711101627962,3.426745564599978,239.9925000265351,28.18818443893136
626,LBY22,0.08949690866669796,0.10707700930038312,46.773038172715644,11.776250893240354,239.99658906173798,46.96151376276142
627,LBR1,0.0727680898801386,0.009891886404057304,3.044001355945358,0.3802881484593711,239.9087239721064,23.83074370393795
628,LBR2,0.0722223299700704,0.019198248727485705,3.8790846839199737,0.9550890427635067,239.85397235055368,46.82416913758729
629,LBR3,0.06033003327473546,0.013158507147889542,11.667784744574869,2.9054737429695603,239.9788721016023,49.089443804825144
630,LBR4,0.06499651790657762,0.02158713458241582,5.940249565982508,1.3057879086111046,239.95377002075284,36.27057375667326
631,LBR5,0.07684626781282133,0.026662279017516128,4.937923024653652,1.1575951666099682,239.82428853867717,44.29515120153419
632,LBR6,0.06584979699722156,0.01563443142724849,12.057559663976894,3.287459990213603,239.96934925374393,51.4957905577205
633,LBR7,0.06003441180476545,0.008140385194391352,4.84571024658497,0.7993253711317241,239.97277487996917,31.362186400122297
634,LBR8,0.0569447974018103,0.014717876338817357,7.734104931892139,2.209305096195841,239.90875590214853,51.6015678002449
635,LBR9,0.12774886519978063,0.03423723538425117,2.609803541491723,0.38287442519208575,239.79230985497767,27.45603173296953
636,LBR10,0.06535278174695124,0.008293632977061444,3.498914896268883,0.4569439398280253,239.9634078121933,24.25764181628092
637,LBR11,0.2637100478807357,0.0766187604350176,1.9444885754187564,0.2406072062112641,239.75152599619955,22.082900189704983
638,LBR12,0.06800813488836505,0.02304076777373946,4.049711417201723,1.2601417737722627,239.85884555797963,55.28682786425628
639,LBR13,0.062438196820302556,0.010011042553150905,4.6884886814102344,1.0315488407266962,239.96741173433648,37.42242520956887
640,LBR14,0.05913640063613874,0.0103231907657994,10.470955025859013,2.1569140286109665,239.98678383291576,40.41089310704179
641,LBR15,0.06419356052455798,0.014038256913009483,10.10687327567372,2.623374280579196,239.96591396676516,49.30649954343006
642,GNQ1,0.21734046606166216,0.0036625578419729743,3.2492684304170996,0.02767078846780659,239.99957624333024,1.795667289151971
643,GNQ2,3.60371618714971,0.49235347171854965,1.8435308359785954,0.0969216466937067,239.97048261652034,9.542534680064703
644,GNQ3,0.09804547894226225,0.02053119623946565,5.220017410436437,0.39904610024467163,239.99475292262557,14.531833409313377
645,GNQ4,0.0716602437920143,0.049359001492347024,7.629795548862316,1.425613221404845,239.9861437090959,35.722588746725904
646,GNQ5,0.07494647697983392,0.03251271783876133,7.785921031949594,0.9242071149383951,239.98985736222764,23.06013272721647
647,GNQ6,0.24812279492447947,0.2215602613387201,5.1440501473559435,1.0467962932067298,239.95711955928164,33.1383141627254
648,GNQ7,0.19138304457478553,0.11997940751978048,6.031787191768079,0.9524040817531889,239.9840363093745,30.006377200462346
649,GNB1,0.03900089409932171,0.042817497526910366,6.049186357222729,2.112189731659115,239.92681848671506,67.58860623302847
650,GNB2,0.07418453625225785,0.030629486537543674,3.0511475284383733,0.3983481266724265,239.9079749547604,25.325719246040382
651,GNB3,1.8760347275254918,0.11124639699220562,0.9098045794565675,0.040817147654381714,239.86779623743203,8.416261339142212
652,GNB4,0.024467763308791933,0.012382428933151552,52.995183919946754,8.508932744777,239.98342382175406,35.89476074158366
653,GNB5,0.02536111644695025,0.016760966552216924,7.00805791487874,2.4940195907237093,239.81432031683585,61.42654555129257
654,GNB6,0.06400007428911422,0.12398672500213255,12.02236063851573,5.030752943523937,239.9203033625363,81.91952160780413
655,GNB7,0.02791431091336979,0.015451223665026338,5.207673275481105,1.722975823571494,239.92571245766462,65.56115097041622
656,GNB8,0.025225649705479372,0.009500740154382684,8.113835864048253,2.0191672732075774,239.95892694442009,49.20693677896114
657,GNB9,0.023946741572002637,0.013446858016137327,8.558268179305323,2.3026147008258167,239.9457759597145,52.695651750511715
658,GMB1,4.875905763424432,0.32918206900551333,0.9379577411337706,0.06652127735389571,239.69961038227035,12.215186655384151
659,GMB2,0.10220288294604489,0.13884528043211505,2.7972284363377264,0.7603547961668528,239.84161911094165,53.72739595054791
660,GMB3,0.0648353504092353,0.09600210871568252,3.3445249526087757,1.2694940751139379,239.7797978245764,74.14800933714298
661,GMB4,0.03792137876476472,0.031789096071775456,2.80465631181066,1.002746683406068,239.64416577655453,64.84542314352333
662,GMB5,0.09175372401390941,0.09067709465142054,3.0196066958536694,0.9343895202321624,239.74245109739346,62.28189228427321
663,GMB6,0.32779283677380844,0.2930803390119281,2.181914197895628,0.6916048462136156,238.49596459634105,57.65590105678956
664,GIN1,0.08032504719037852,0.1120687111750022,8.887308656563109,2.9980459974340707,239.90460261561597,60.86074097344149
665,GIN2,3.740976289745197,0.177259590241938,3.0752327970663265,0.11744496207970556,239.91813879562469,6.975304350646005
666,GIN3,0.12717168370804646,0.16714432066404653,8.590818665795926,3.0608828823130136,239.94336090877746,62.2182599027755
667,GIN4,0.09437244275214805,0.1848468278400967,7.492268563695049,3.8287618827224477,239.88902826917675,84.60026198460854
668,GIN5,0.0762606531582332,0.06127967096706209,4.001138447839465,1.1828790161359048,239.8206442361829,53.24864363172113
669,GIN6,0.16254415509810405,0.16834989818818488,10.687982949708298,3.040847197691185,239.91327071016812,50.40501388981602
670,GIN7,0.08749424544136393,0.057144300194856626,6.284958422350223,1.513847673915657,239.92993015340357,44.78416699379135
671,GIN8,0.08525489546426038,0.11254091930092254,6.338426413367198,2.4784365629726963,239.81997243398965,62.645156404445714
672,GAB1,0.15031839069022057,0.2598527340667077,23.30503413813069,6.128473907938248,239.89977324183948,49.27460336646609
673,GAB2,0.0840875362693409,0.09564110331737884,21.840355372130084,6.929400268593937,239.95653836844858,63.10755488445251
674,GAB3,0.1434030330901871,0.9982218497752176,22.504408240085635,5.560253769779006,239.9897765142608,46.76463723980707
675,GAB4,0.07488888242199061,0.17905852414724774,23.435652687819736,8.608061678141494,239.98376200255987,66.98206816514968
676,GAB5,0.08261428372156278,0.10197774569260101,16.64145960172954,4.546465104440199,239.98761997647983,51.52409380266303
677,GAB6,0.033799299109625314,0.015257085550684711,17.05115282718742,6.24732175846045,239.98167493682948,70.8379082990398
678,GAB7,0.04051214883130071,0.019916408756997052,27.61315269593955,8.234493834632772,239.9911992064131,58.90420485156717
679,GAB8,0.5345611576335616,2.237405394132606,31.953952165379135,8.372173764568918,239.97038523373493,52.6968556703107
680,GAB9,0.04172118254478712,0.03953446574322387,27.397110129721085,9.626383602298962,239.97042551666414,66.27957519555851
681,ERI1,0.7155193329176937,0.07390285474391822,2.7539177380866877,0.17706987177415023,239.9397555807381,12.48197490898662
682,ERI2,0.38394494610904845,0.016801058673238486,16.68618631368658,4.764326176486098,239.9953649284586,51.385592018433705
683,ERI3,0.07822818998803747,0.0207943366658392,30.845293049622544,11.25027359634754,239.97577011738596,62.436851685860105
684,ERI4,0.235932288897239,0.051095178204521766,13.1125306457701,4.416762248867785,239.97827707203012,61.9574155957179
685,ERI5,0.278725010946164,0.009983387335935665,8.97560381264706,1.5854674034505878,239.93587885880552,34.05754768523961
686,ERI6,0.2854290414270026,0.022275861820683477,47.80756919896527,11.566794901816976,239.9797265393121,51.32585744538644
687,EGY1,8.067438231903324,0.768727126298956,2.1657305149310173,0.15152412016377567,239.91268080023144,12.004644083096405
688,EGY2,0.3858612703022469,1.3321578484862249,27.439882603934485,9.008784747035358,239.97842507292438,59.674185085304245
689,EGY3,3.6296877688319182,0.7951653475515147,9.624369357959514,1.2914114574908384,239.89338727611266,21.0023527991853
690,EGY4,9.387397993324013,0.5419530034665372,1.4128090350370643,0.07000483271894929,239.9678356544975,8.260970462402758
691,EGY5,10.13717091438319,0.6005782662551075,1.4991475058563493,0.07027999488855509,239.93654583639818,8.811379313486887
692,EGY6,12.894543029710912,1.571959528374019,5.369115960052109,0.330506446435832,239.9392514320834,9.954086985745978
693,EGY7,2.7585908742289265,0.5155736814659794,2.954868918419882,0.2438960429448694,239.96519719613696,14.827750371600505
694,EGY8,1.658636517352399,1.3805288824870134,16.02523574551611,3.328620863865702,239.88133420991403,36.80790257206045
695,EGY9,10.131333449168013,0.5439068314815524,2.00167135116564,0.09699133870905373,239.9391818705066,9.15414912858366
696,EGY10,0.860703947613206,0.5711509493149938,27.48679810610464,5.170374808720225,239.9341489545046,34.135065163242956
697,EGY11,1.263839999989771,0.4107318868050087,6.295894511691645,0.580934604908248,239.9943437660457,14.620075647357588
698,EGY11,41.31867378736517,1.7769629175356194,1.0156365869331012,0.0441158036995681,239.8968540590033,7.272865286422016
699,EGY12,21.955434323397697,0.8792191927863773,1.0864498797437614,0.03915643866539492,239.93717527263934,6.662579769873071
700,EGY13,9.61002016085789,0.3655713406277536,2.013747807299701,0.05788690146111021,239.98906585884507,4.784979684274174
701,EGY14,0.05650487885185503,0.3298970670125916,93.32298245403143,60.65270368293862,239.98471184293587,106.9334782862948
702,EGY15,1.6413126573339034,0.6966953665119292,9.813809764533035,1.1063363624832747,239.9826675288339,18.9661005419991
703,EGY16,8.188167228132006,0.7930133305410593,3.0271775958392,0.2504440867526196,239.8699981772429,14.358858749239834
704,EGY17,0.447603134179787,0.6226207528522383,17.491893511894865,4.572678625598506,239.9613714742834,46.12636854065854
705,EGY18,1.4415687102853607,0.6568060625266273,20.312372576674196,3.0214978479166907,239.93966551569608,24.78531596008733
706,EGY19,1.5874464386521885,0.5039230096735614,15.401530354645079,1.6690472628529616,239.9685363359915,20.11252926378245
707,EGY20,4.214263917249775,0.5774639190287641,3.420314421460533,0.1373639257680125,239.9819888878761,7.544765675744801
708,EGY21,9.201612074350962,0.4607041446110564,1.5741515509042099,0.05229636930235783,239.9732980672271,6.044123861936604
709,EGY22,0.33085323161650343,0.5484351525989307,12.418000226900535,2.2407238292011287,239.9784651734682,33.135211487973855
710,EGY23,3.9060963291889053,0.4025553478001454,1.9807313789552734,0.13142950620389168,239.9364392361382,12.120909705435913
711,EGY24,0.5763337954008212,10.06562086034763,33.37931564218575,14.255266750517878,239.9683109095232,73.8715563045524
712,EGY25,2.3895350469425543,0.7225610228108146,11.95090857502982,1.4913968373218287,239.92903178259738,22.061612162021536
713,EGY26,0.274768500591315,0.25439123862354573,6.481586153033618,1.217474961203268,239.97788666492153,31.79458093981581
714,EGY27,1.9861438076908242,0.4703479473313143,10.719284719541006,1.1701857725329399,239.9077980918081,19.35920241231274
715,COD1,0.02714421129472064,0.03399448767179868,18.875265303023347,7.555759944525354,239.96190704111513,69.12352110452942
716,COD2,0.055918574848555204,0.08916534075196086,20.37719726998006,7.734583923162487,239.932253799433,60.01396468183785
717,COD3,0.1270910744739847,0.16066547006683551,10.022260197358484,1.6597188018080145,239.9811049205043,26.41971257613618
718,COD4,0.05131665568564352,0.0942761815323471,20.18728939418278,4.9482608073815415,239.96015669676385,43.92826129139267
719,COD5,0.10097091580489762,0.14607633106874401,26.951226985156815,6.702111466048099,239.95818583835288,46.02404209145344
720,COD6,0.1911702448227161,0.44540784662732125,17.780010210854904,7.291875019877416,239.93230214930833,75.537724701989
721,COD7,0.7325016082428167,0.17430624189102928,16.083338168831354,1.0251259071408518,239.97034968746826,11.94887252059624
722,COD8,0.07190519642813191,0.6285226348573828,19.506244538864248,6.5872792395070165,239.9462944634316,55.59270515604294
723,COD9,0.04964783708052021,0.1286287216381736,27.15665907572427,11.824265609399426,239.9681729747431,76.09175297055111
724,CIV1,4.222604790248202,0.6593035266592187,2.779701227556363,0.23434517715955128,239.77511662814496,15.632484008576222
725,CIV2,0.11326068864797972,0.12251643125229207,11.078233227659219,3.438678231279497,239.79133570568376,56.203371007422945
726,CIV3,0.1795949546320164,0.1625822284914004,5.859540830528896,1.2673231191613727,239.8021457718016,41.34585480467363
727,CIV4,0.08678070368303167,0.11468692980624272,9.457887664429872,2.4725397601469377,239.98164203279003,49.68153819920242
728,CIV5,0.18473644196699857,0.12448205434342102,6.125334902327503,1.435892516245549,239.8537770683959,42.87107762131599
729,CIV6,0.14166147831526582,0.12574143461777457,4.546966102180695,1.3931026736720837,239.87774168230527,54.726998734724404
730,CIV7,0.13019766666710203,0.08600125509497406,6.742164802699747,1.8148783779855242,239.84499843415242,48.0759957214794
731,CIV8,0.09944195891204735,0.11591816390244494,7.10547972125555,2.428998870740329,239.78268603150593,58.7016014840716
732,CIV9,0.12122805386840235,0.12754837997738203,5.911276011370093,1.7683407043399635,239.77761441660837,52.83764713034214
733,CIV10,0.1506830350687984,0.3516982777447796,9.096168671158445,3.529253125847159,239.89920714817342,66.99640924349264
734,CIV11,0.1510732959881587,0.22845792206746257,9.337268547322138,3.0018187521273156,239.87121783919633,56.177048241484535
735,CIV12,0.08004847984060187,0.12168565140174999,8.585168652010688,2.902280196967133,239.92951991648832,59.78599631974078
736,CIV13,1.0805593216230571,0.29645699495992583,3.2479348804194936,0.26668448630119196,239.96617763251635,15.732219092892459
737,CIV14,0.09380404996682297,0.1430785063359039,11.411444257490153,4.220970383937521,239.89384094018368,65.17277941589599
738,CAF1,0.1595603469210788,0.10716359527436391,24.431863427733116,6.304872006642101,239.99933489977633,48.08176592656869
739,CAF2,1.712778326421108,0.024046418420424136,0.9796949930008163,0.010718648663058251,239.99540441838727,1.9365955468010356
740,CAF3,0.027192161396895516,0.015384501312386932,6.899016725487097,0.9533987211217951,239.99642786168408,26.097460789284572
741,CAF4,0.25929771716563893,0.16238184885091428,55.98311294459469,13.569906038896512,239.99894979759247,47.137747751441225
742,CAF5,0.19612688212476467,0.16391006464528804,37.62511502574717,11.847986718624906,239.99759417381486,57.664836408937056
743,CAF6,0.04575367094025179,0.013447760609135658,13.935359229537298,1.8561682439865188,239.99805089411208,25.871279504504262
744,CAF7,0.027964714843315523,0.024688949026483616,9.331466608278143,1.360705323355969,239.99315405355725,27.32822620616819
745,CAF8,0.02939405521048295,0.012949721631194304,6.072688971600122,1.1213599140046557,239.99069474820666,34.46009332019534
746,CAF9,0.23793248059432412,0.2054121391535779,25.221354867971957,6.923431498826261,239.9955016793896,48.59638905093229
747,CAF10,0.06126271245395055,0.02138395656545672,19.611290790520254,3.0799411303438324,239.9973794891581,28.247994858184047
748,CAF11,0.03948829479956406,0.016859045843603475,6.607408780581096,1.1308849438149908,239.99286185460141,32.97566163817416
749,CAF12,0.06863663788576149,0.04322899531447729,13.02120281169943,2.4141493195710306,239.97975428301714,35.69365240127444
750,CAF13,0.08471086459500926,0.044405983799498144,17.954035813729572,4.8049302190316965,239.9960511222138,44.156842745885605
751,CAF14,0.07037285399888712,0.02965597692155491,6.4247416002746105,1.2958505631731916,239.9943841398502,35.685687935634625
752,CAF15,0.06695550861393684,0.05848898370562614,10.43029822150398,2.7258801306158795,239.99575391971536,45.78086599917192
753,CAF16,0.01894401884063927,0.005543147699149276,12.883490082451354,1.8591478827015089,239.9971926460709,27.3120673288306
754,CAF17,0.24028889973276976,0.12726816311920228,26.462306162600395,6.3081491791894715,239.99920424488505,43.23746371163976
755,BWA1,0.15418979959020596,0.16617144923268173,16.809814570586894,9.03482194030031,239.86837482290517,85.60135760516198
756,BWA2,0.4215181849438608,0.16776547184672183,27.151202445075803,4.88706712179771,239.99450687633544,34.4076943869083
757,BWA3,6.018239515961222,0.08486085493304593,0.4624222700056623,0.005580826523069074,239.99041325628815,2.3284646889254144
758,BWA4,10.56482168667706,0.26281396400963203,0.6533280247435687,0.01456810147587547,239.96550854066177,4.103356534153197
759,BWA5,0.10694376956463288,0.10529749882341533,38.85253849861209,16.580563546553996,239.9961280095421,77.24987974963479
760,BWA6,6.7980627678583065,0.030871884376020457,0.7192003404468247,0.0031205537063478364,239.9978938942533,0.91575506317518
761,BWA7,0.02149674472210411,0.03763226506738751,22.084073632895137,9.09854571810397,239.99280865287344,75.037973473451
762,BWA8,0.1791902218936892,0.04331257341156874,5.035497604884089,0.6131776207396308,239.98150711447008,21.492888471556622
763,BWA9,0.11319530895862549,0.06739549200475944,13.890928971274,3.7822646599683365,239.97348209828021,46.076918490263246
764,BWA10,6.58288762773476,0.03873850114356547,0.36305602571257267,0.0021491186978911236,239.99703899733092,1.1970572647803417
765,BWA11,0.20701068116166801,0.05493255850923517,2.859408619792127,0.27762739302534084,239.9837553460212,17.488670910491873
766,BWA12,0.22954611814642828,0.1101134816933057,24.87109098532583,10.254244702450539,239.97309027395477,75.76222450691007
767,BWA13,3.625396517594365,0.03278225892121979,0.8433276343603026,0.007294652731127822,239.99599363720475,1.6476303667456926
768,BWA14,0.3699997747496085,0.05250175823691946,2.3597488036651386,0.12010999342524106,239.9869432647853,9.973683827401368
769,BWA15,0.08286780894620037,0.07697480600953782,6.140615324632297,1.406116525347597,239.97654364802955,39.990130508358455
770,BWA16,8.984169605181371,0.022090739167760807,20.378311184670427,0.04334558030870725,239.9997163370165,0.5096806973013805
771,BFA1,0.07084340089239037,0.08673008630671683,5.466262692740883,1.741141270962134,239.9117247544253,58.66315098953612
772,BFA2,0.05031233763095406,0.04306085372583111,12.77834966752796,3.0410141028962654,239.97214058978884,43.509855853035866
773,BFA3,0.047684223417520606,0.033827382633642024,4.932466469508629,1.0649682181756939,239.95370785193975,38.94126685546995
774,BFA4,0.034056009230404694,0.06039479228603262,6.142332370222985,1.5136152073378655,239.93653075543355,44.97083000992559
775,BFA5,0.08258506495460834,0.07524104099685806,5.010422532118061,1.3027805685699603,239.9391300790847,47.146476489925845
776,BFA6,0.05412168111635836,0.02920292399030622,7.427874333902676,1.3568717626819475,239.96828483506698,34.56635183819948
777,BFA7,1.2339500009222428,0.31429181298544584,4.260974567087776,0.46536103161064335,239.85410377413243,17.411244514954475
778,BFA8,0.06020870410072237,0.13259791446576824,8.674713909157646,3.2771000817531983,239.96675507779034,67.27792608966004
779,BFA9,0.10397489094361263,0.15899797864587178,5.079840223895117,1.372619629320876,239.88464279575908,50.85755720213409
780,BFA10,0.038810915233298576,0.04145239055170425,4.430984609532523,0.9885361894024939,239.91356231008987,40.49451165635369
781,BFA11,0.04259720914905854,0.022221587170834275,4.824354823266051,0.8082611167124103,239.96576321065916,30.009060083262003
782,BFA12,0.023866953588221926,0.057211803621431405,8.765133475398745,2.9307110228860993,239.9834740412548,60.08376763227422
783,BFA13,0.056985664173302364,0.03505338028360628,6.984034573854892,1.696624478810337,239.98543802820058,40.92113343015473
784,BDI1,0.06500506201031464,0.037053767089834745,1.3559223336418547,0.2715844938670928,239.83735932876246,34.74287567630932
785,BDI2,1.3120426150292346,0.15193539241256432,2.18151733159803,0.21012019482751054,239.64778340910604,15.321350880905
786,BDI3,0.062236993088805204,0.022308739416767233,2.110646419116882,0.5967128402981949,239.88723600907264,42.07707790380489
787,BDI4,0.05799078970717302,0.03832238117029389,2.5136338661075404,0.9880564080969183,239.73518902862068,58.23535889500367
788,BDI5,0.08363970996720364,0.06215377974557935,1.886779492895379,0.48137357747706544,239.95980955738835,46.11526641653204
789,BDI6,0.1208303436990099,0.17831524373604457,2.274329999558334,0.5394984330267479,239.8874973236064,42.05346927179664
790,BDI7,0.11336485715854369,0.14109341599480937,1.0929906229542872,0.30968709209925904,239.87844647491997,46.25341094274827
791,BDI8,0.053771907053814905,0.05191286179486898,1.294525313543443,0.2911743136966273,239.96999604604048,40.080598143192375
792,BDI9,0.04617218879548754,0.026252028895812293,1.247149869585749,0.25766780331130346,239.91869238231277,36.727180039404644
793,BDI10,0.05213326032779549,0.07706882430386536,0.7650582020691641,0.18782764070112257,239.90696728952182,44.687266601621985
794,BDI11,0.047313823985710816,0.04185623845455527,3.5504079267658777,1.4108801619276015,239.3992236038186,53.316011953931714
795,BDI12,0.033683742377405165,0.008230736335891447,1.0150597214790702,0.16988858368863322,239.96969956826112,27.755378328922564
796,BDI13,0.05612768402258501,0.05085860465073156,0.9011068993540866,0.23266556877566116,239.90881781765256,44.958269364961524
797,BDI14,0.03636766883780727,0.014362982433179515,1.247820992994521,0.2244949670445339,239.9729795615538,30.76447182374149
798,BDI15,0.07761739099074862,0.06658164539717235,0.9222138902528054,0.2094456302331833,239.91732510657377,39.99901996167146
799,BDI16,0.08198351274176945,0.06534676598635057,1.4645957371895295,0.36673140432480017,239.84401194504585,45.676501023563844
800,BDI17,0.09055075776883081,0.0997106738827617,1.683841885507888,0.4829512983164727,239.9073140531287,50.16587771477558
